-- MySQL dump 10.13  Distrib 5.7.37, for Linux (x86_64)
--
-- Host: localhost    Database: xdnyjqrsys_top
-- ------------------------------------------------------
-- Server version	5.7.37-log

/*!40101 SET @OLD_CHARACTER_SET_CLIENT=@@CHARACTER_SET_CLIENT */;
/*!40101 SET @OLD_CHARACTER_SET_RESULTS=@@CHARACTER_SET_RESULTS */;
/*!40101 SET @OLD_COLLATION_CONNECTION=@@COLLATION_CONNECTION */;
/*!40101 SET NAMES utf8 */;
/*!40103 SET @OLD_TIME_ZONE=@@TIME_ZONE */;
/*!40103 SET TIME_ZONE='+00:00' */;
/*!40014 SET @OLD_UNIQUE_CHECKS=@@UNIQUE_CHECKS, UNIQUE_CHECKS=0 */;
/*!40014 SET @OLD_FOREIGN_KEY_CHECKS=@@FOREIGN_KEY_CHECKS, FOREIGN_KEY_CHECKS=0 */;
/*!40101 SET @OLD_SQL_MODE=@@SQL_MODE, SQL_MODE='NO_AUTO_VALUE_ON_ZERO' */;
/*!40111 SET @OLD_SQL_NOTES=@@SQL_NOTES, SQL_NOTES=0 */;

--
-- Table structure for table `yzn_admin`
--

DROP TABLE IF EXISTS `yzn_admin`;
/*!40101 SET @saved_cs_client     = @@character_set_client */;
/*!40101 SET character_set_client = utf8 */;
CREATE TABLE `yzn_admin` (
  `id` smallint(3) unsigned NOT NULL AUTO_INCREMENT COMMENT '用户ID',
  `username` varchar(20) COLLATE utf8mb4_unicode_ci DEFAULT NULL COMMENT '管理账号',
  `password` varchar(32) COLLATE utf8mb4_unicode_ci DEFAULT NULL COMMENT '管理密码',
  `roleid` tinyint(4) unsigned DEFAULT '0',
  `encrypt` varchar(6) COLLATE utf8mb4_unicode_ci DEFAULT NULL COMMENT '加密因子',
  `nickname` varchar(16) COLLATE utf8mb4_unicode_ci NOT NULL COMMENT '昵称',
  `last_login_time` int(10) unsigned DEFAULT '0' COMMENT '最后登录时间',
  `last_login_ip` varchar(15) COLLATE utf8mb4_unicode_ci NOT NULL DEFAULT '' COMMENT '最后登录IP',
  `email` varchar(40) COLLATE utf8mb4_unicode_ci DEFAULT NULL,
  `token` varchar(60) COLLATE utf8mb4_unicode_ci NOT NULL DEFAULT '' COMMENT 'Session标识',
  `status` tinyint(2) NOT NULL DEFAULT '0' COMMENT '状态',
  PRIMARY KEY (`id`) USING BTREE,
  KEY `username` (`username`) USING BTREE
) ENGINE=MyISAM AUTO_INCREMENT=2 DEFAULT CHARSET=utf8mb4 COLLATE=utf8mb4_unicode_ci COMMENT='管理员表';
/*!40101 SET character_set_client = @saved_cs_client */;

--
-- Dumping data for table `yzn_admin`
--

LOCK TABLES `yzn_admin` WRITE;
/*!40000 ALTER TABLE `yzn_admin` DISABLE KEYS */;
INSERT INTO `yzn_admin` VALUES (1,'admin','a6fc35e1065413426faa186addfe6d53',1,'9241a9','御宅男',1665451825,'180.84.27.255','admin@admin.com','f419b5c7-58cb-435b-939f-a4532e06cb25',1);
/*!40000 ALTER TABLE `yzn_admin` ENABLE KEYS */;
UNLOCK TABLES;

--
-- Table structure for table `yzn_adminlog`
--

DROP TABLE IF EXISTS `yzn_adminlog`;
/*!40101 SET @saved_cs_client     = @@character_set_client */;
/*!40101 SET character_set_client = utf8 */;
CREATE TABLE `yzn_adminlog` (
  `id` int(11) unsigned NOT NULL AUTO_INCREMENT COMMENT '日志ID',
  `status` tinyint(2) NOT NULL DEFAULT '0' COMMENT '状态',
  `uid` smallint(3) NOT NULL DEFAULT '0' COMMENT '操作者ID',
  `info` text COLLATE utf8mb4_unicode_ci NOT NULL COMMENT '说明',
  `create_time` int(10) unsigned NOT NULL DEFAULT '0',
  `ip` varchar(15) COLLATE utf8mb4_unicode_ci NOT NULL DEFAULT '' COMMENT '操作IP',
  `get` varchar(255) COLLATE utf8mb4_unicode_ci NOT NULL DEFAULT '',
  PRIMARY KEY (`id`) USING BTREE
) ENGINE=MyISAM AUTO_INCREMENT=504 DEFAULT CHARSET=utf8mb4 COLLATE=utf8mb4_unicode_ci COMMENT='操作日志';
/*!40101 SET character_set_client = @saved_cs_client */;

--
-- Dumping data for table `yzn_adminlog`
--

LOCK TABLES `yzn_adminlog` WRITE;
/*!40000 ALTER TABLE `yzn_adminlog` DISABLE KEYS */;
INSERT INTO `yzn_adminlog` VALUES (1,1,1,'提示语:模块安装成功！一键清理缓存后生效！',1649234559,'127.0.0.1','/admin/module/install.html?module=apidoc&dialog=1'),(2,1,1,'提示语:模块安装成功！一键清理缓存后生效！',1649234570,'127.0.0.1','/admin/module/install.html?module=member&dialog=1'),(3,1,1,'提示语:模块安装成功！一键清理缓存后生效！',1649234604,'127.0.0.1','/admin/module/install.html?module=cms&dialog=1'),(4,1,1,'提示语:模块安装成功！一键清理缓存后生效！',1649234612,'127.0.0.1','/admin/module/install.html?module=formguide&dialog=1'),(5,1,1,'提示语:模块安装成功！一键清理缓存后生效！',1649234619,'127.0.0.1','/admin/module/install.html?module=message&dialog=1'),(6,1,1,'提示语:模块安装成功！一键清理缓存后生效！',1649234624,'127.0.0.1','/admin/module/install.html?module=links&dialog=1'),(7,1,1,'提示语:清理缓存',1649234639,'127.0.0.1','/admin/index/cache.html?type=all&_=1649234551434'),(8,1,1,'提示语:插件安装成功！清除浏览器缓存和框架缓存后生效！',1649234733,'127.0.0.1','/addons/addons/install.html?name=vaptcha'),(9,1,1,'提示语:插件安装成功！清除浏览器缓存和框架缓存后生效！',1649234738,'127.0.0.1','/addons/addons/install.html?name=address'),(10,1,1,'提示语:清理缓存',1649234742,'127.0.0.1','/admin/index/cache.html?type=template&_=1649234705575'),(11,1,1,'提示语:插件安装成功！清除浏览器缓存和框架缓存后生效！',1649234752,'127.0.0.1','/addons/addons/install.html?name=alioss'),(12,1,1,'提示语:插件安装成功！清除浏览器缓存和框架缓存后生效！',1649234768,'127.0.0.1','/addons/addons/install.html?name=baidupush'),(13,1,1,'提示语:插件安装成功！清除浏览器缓存和框架缓存后生效！',1649234773,'127.0.0.1','/addons/addons/install.html?name=database'),(14,1,1,'提示语:插件安装成功！清除浏览器缓存和框架缓存后生效！',1649234777,'127.0.0.1','/addons/addons/install.html?name=dedetoyzn'),(15,1,1,'提示语:插件安装成功！清除浏览器缓存和框架缓存后生效！',1649234793,'127.0.0.1','/addons/addons/install.html?name=easysms'),(16,1,1,'提示语:插件安装成功！清除浏览器缓存和框架缓存后生效！',1649234798,'127.0.0.1','/addons/addons/install.html?name=editormd'),(17,1,1,'提示语:插件安装成功！清除浏览器缓存和框架缓存后生效！',1649234813,'127.0.0.1','/addons/addons/install.html?name=getwords'),(18,1,1,'提示语:插件安装成功！清除浏览器缓存和框架缓存后生效！',1649234825,'127.0.0.1','/addons/addons/install.html?name=loginbg'),(19,1,1,'提示语:插件安装成功！清除浏览器缓存和框架缓存后生效！',1649234830,'127.0.0.1','/addons/addons/install.html?name=phpmailer'),(20,1,1,'提示语:插件安装成功！清除浏览器缓存和框架缓存后生效！',1649234885,'127.0.0.1','/addons/addons/install.html?name=qiniu'),(21,1,1,'提示语:插件安装成功！清除浏览器缓存和框架缓存后生效！',1649234890,'127.0.0.1','/addons/addons/install.html?name=queue'),(22,1,1,'提示语:插件安装成功！清除浏览器缓存和框架缓存后生效！',1649234910,'127.0.0.1','/addons/addons/install.html?name=returntop'),(23,1,1,'提示语:插件安装成功！清除浏览器缓存和框架缓存后生效！',1649234920,'127.0.0.1','/addons/addons/install.html?name=saiyouems'),(24,1,1,'提示语:插件安装成功！清除浏览器缓存和框架缓存后生效！',1649234925,'127.0.0.1','/addons/addons/install.html?name=signin'),(25,1,1,'提示语:插件安装成功！清除浏览器缓存和框架缓存后生效！',1649234946,'127.0.0.1','/addons/addons/install.html?name=sitemap'),(26,1,1,'提示语:插件安装成功！清除浏览器缓存和框架缓存后生效！',1649234951,'127.0.0.1','/addons/addons/install.html?name=synclogin'),(27,1,1,'提示语:插件安装成功！清除浏览器缓存和框架缓存后生效！',1649234964,'127.0.0.1','/addons/addons/install.html?name=v9toyzn'),(28,0,0,'提示语:请先登陆',1649387860,'127.0.0.1','/admin'),(29,0,0,'提示语:验证码不能为空',1649390200,'127.0.0.1','/admin/index/login.html'),(30,0,0,'提示语:验证码不能为空',1649390660,'127.0.0.1','/admin/index/login.html?__token__=50858e443b4af7944ba473358871ca5b&username=admin&password=a12345678'),(31,0,0,'提示语:密码不正确',1649390689,'127.0.0.1','/admin/index/login.html?__token__=50858e443b4af7944ba473358871ca5b&username=admin&password=a12345678'),(32,1,1,'提示语:恭喜您，登陆成功',1649390697,'127.0.0.1','/admin/index/login.html?__token__=50858e443b4af7944ba473358871ca5b&username=admin&password=a12345678'),(33,0,0,'提示语:请先登陆',1649722776,'127.0.0.1','/admin'),(34,0,0,'提示语:密码不正确',1649722784,'127.0.0.1','/admin/index/login.html'),(35,1,1,'提示语:恭喜您，登陆成功',1649722789,'127.0.0.1','/admin/index/login.html'),(36,1,1,'提示语:更新成功！',1649722848,'127.0.0.1','/cms/setting/index/menuid/101.html'),(37,1,1,'提示语:新增成功',1649723258,'127.0.0.1','/admin/config/add/groupType/base.html?dialog=1'),(38,1,1,'提示语:设置更新成功',1649723273,'127.0.0.1','/admin/config/setting/menuid/13.html'),(39,1,1,'提示语:添加成功！',1649724690,'127.0.0.1','/cms/category/singlepage.html?dialog=1'),(40,1,1,'提示语:添加成功！',1649724731,'127.0.0.1','/cms/category/singlepage/parentid/19.html?dialog=1'),(41,1,1,'提示语:添加成功！',1649724742,'127.0.0.1','/cms/category/singlepage/parentid/19.html?dialog=1'),(42,1,1,'提示语:操作成功！',1649724752,'127.0.0.1','/cms/category/multi.html'),(43,1,1,'提示语:操作成功！',1649724755,'127.0.0.1','/cms/category/multi.html'),(44,1,1,'提示语:操作成功！',1649724756,'127.0.0.1','/cms/category/multi.html'),(45,1,1,'提示语:操作成功！',1649724757,'127.0.0.1','/cms/category/multi.html'),(46,1,1,'提示语:更新缓存成功！',1649724763,'127.0.0.1','/cms/category/public_cache.html'),(47,1,1,'提示语:操作成功！',1649724789,'127.0.0.1','/cms/category/multi.html'),(48,1,1,'提示语:操作成功！',1649724790,'127.0.0.1','/cms/category/multi.html'),(49,1,1,'提示语:操作成功！',1649724791,'127.0.0.1','/cms/category/multi.html'),(50,1,1,'提示语:操作成功！',1649724792,'127.0.0.1','/cms/category/multi.html'),(51,1,1,'提示语:操作成功！',1649724793,'127.0.0.1','/cms/category/multi.html'),(52,1,1,'提示语:操作成功！',1649724793,'127.0.0.1','/cms/category/multi.html'),(53,1,1,'提示语:操作成功！',1649724794,'127.0.0.1','/cms/category/multi.html'),(54,1,1,'提示语:更新缓存成功！',1649724799,'127.0.0.1','/cms/category/public_cache.html'),(55,1,1,'提示语:栏目数量校正成功！',1649724809,'127.0.0.1','/cms/category/count_items.html'),(56,1,1,'提示语:操作成功',1649725987,'127.0.0.1','/addons/addons/state/action/disable.html?name=loginbg'),(57,1,1,'提示语:添加成功！',1649726314,'127.0.0.1','/cms/category/add.html?dialog=1'),(58,1,1,'提示语:操作成功！',1649726324,'127.0.0.1','/cms/category/multi.html'),(59,1,1,'提示语:标题没有重复！',1649726342,'127.0.0.1','/cms/cms/check_title.html?catid=22&data='),(60,1,1,'提示语:操作成功！',1649726420,'127.0.0.1','/cms/cms/add/catid/22.html?dialog=1'),(61,1,1,'提示语:操作成功！',1649726437,'127.0.0.1','/cms/cms/add/catid/22.html?dialog=1'),(62,1,1,'提示语:编辑成功！',1649731939,'127.0.0.1','/cms/cms/edit/catid/22.html?id=8&dialog=1'),(63,0,1,'提示语:所属模型不得为空',1649744834,'127.0.0.1','/cms/category/add.html?dialog=1'),(64,1,1,'提示语:添加成功！',1649744847,'127.0.0.1','/cms/category/add.html?dialog=1'),(65,1,1,'提示语:修改成功！',1649744936,'127.0.0.1','/cms/category/edit.html?id=23&dialog=1'),(66,1,1,'提示语:添加成功！',1649744954,'127.0.0.1','/cms/category/add/parentid/23.html?dialog=1'),(67,1,1,'提示语:添加成功！',1649744965,'127.0.0.1','/cms/category/add/parentid/23.html?dialog=1'),(68,1,1,'提示语:添加成功！',1649745036,'127.0.0.1','/cms/category/singlepage.html?dialog=1'),(69,1,1,'提示语:添加成功！',1649745051,'127.0.0.1','/cms/category/singlepage/parentid/26.html?dialog=1'),(70,1,1,'提示语:添加成功！',1649745060,'127.0.0.1','/cms/category/singlepage/parentid/26.html?dialog=1'),(71,1,1,'提示语:更新缓存成功！',1649745084,'127.0.0.1','/cms/category/public_cache.html'),(72,1,1,'提示语:添加成功！',1649745122,'127.0.0.1','/cms/category/add.html?dialog=1'),(73,1,1,'提示语:添加成功！',1649745147,'127.0.0.1','/cms/category/add/parentid/29.html?dialog=1'),(74,1,1,'提示语:添加成功！',1649745172,'127.0.0.1','/cms/category/add.html?dialog=1'),(75,1,1,'提示语:添加成功！',1649745191,'127.0.0.1','/cms/category/add/parentid/31.html?dialog=1'),(76,1,1,'提示语:添加成功！',1649745203,'127.0.0.1','/cms/category/add/parentid/31.html?dialog=1'),(77,1,1,'提示语:修改成功！',1649745216,'127.0.0.1','/cms/category/edit.html?id=33&dialog=1'),(78,1,1,'提示语:添加成功！',1649745230,'127.0.0.1','/cms/category/add/parentid/31.html?dialog=1'),(79,0,1,'提示语:所属模型不得为空',1649745245,'127.0.0.1','/cms/category/add.html?dialog=1'),(80,1,1,'提示语:添加成功！',1649745251,'127.0.0.1','/cms/category/add.html?dialog=1'),(81,1,1,'提示语:添加成功！',1649745261,'127.0.0.1','/cms/category/add/parentid/35.html?dialog=1'),(82,1,1,'提示语:修改成功！',1649745272,'127.0.0.1','/cms/category/edit.html?id=36&dialog=1'),(83,1,1,'提示语:添加成功！',1649745283,'127.0.0.1','/cms/category/add/parentid/35.html?dialog=1'),(84,1,1,'提示语:添加成功！',1649745310,'127.0.0.1','/cms/category/add.html?dialog=1'),(85,1,1,'提示语:添加成功！',1649745321,'127.0.0.1','/cms/category/add/parentid/38.html?dialog=1'),(86,1,1,'提示语:添加成功！',1649745331,'127.0.0.1','/cms/category/add/parentid/38.html?dialog=1'),(87,1,1,'提示语:添加成功！',1649745352,'127.0.0.1','/cms/category/add.html?dialog=1'),(88,1,1,'提示语:添加成功！',1649745362,'127.0.0.1','/cms/category/add/parentid/41.html?dialog=1'),(89,1,1,'提示语:添加成功！',1649745373,'127.0.0.1','/cms/category/add/parentid/41.html?dialog=1'),(90,1,1,'提示语:更新缓存成功！',1649745381,'127.0.0.1','/cms/category/public_cache.html'),(91,1,1,'提示语:操作成功！',1649745469,'127.0.0.1','/cms/cms/add/catid/24.html?dialog=1'),(92,1,1,'提示语:操作成功！',1649745484,'127.0.0.1','/cms/cms/add/catid/24.html?dialog=1'),(93,1,1,'提示语:操作成功！',1649745699,'127.0.0.1','/cms/cms/add/catid/24.html?dialog=1'),(94,1,1,'提示语:编辑成功！',1649745912,'127.0.0.1','/cms/cms/edit/catid/24.html?id=9&dialog=1'),(95,1,1,'提示语:操作成功！',1649747261,'127.0.0.1','/cms/cms/add/catid/25.html?dialog=1'),(96,1,1,'提示语:操作成功！',1649747265,'127.0.0.1','/cms/cms/add/catid/25.html?dialog=1'),(97,1,1,'提示语:操作成功！',1649747268,'127.0.0.1','/cms/cms/add/catid/25.html?dialog=1'),(98,1,1,'提示语:操作成功！',1649747271,'127.0.0.1','/cms/cms/add/catid/25.html?dialog=1'),(99,1,1,'提示语:操作成功！',1649747283,'127.0.0.1','/cms/cms/add/catid/25.html?dialog=1'),(100,1,1,'提示语:操作成功！',1649747721,'127.0.0.1','/cms/cms/add/catid/25.html?dialog=1'),(101,1,1,'提示语:操作成功！',1649747956,'127.0.0.1','/cms/cms/add/catid/32.html?dialog=1'),(102,1,1,'提示语:操作成功！',1649747969,'127.0.0.1','/cms/cms/add/catid/32.html?dialog=1'),(103,1,1,'提示语:标题没有重复！',1649747975,'127.0.0.1','/cms/cms/check_title.html?catid=32&data='),(104,1,1,'提示语:操作成功！',1649747986,'127.0.0.1','/cms/cms/add/catid/32.html?dialog=1'),(105,1,1,'提示语:操作成功！',1649748016,'127.0.0.1','/cms/cms/add/catid/32.html?dialog=1'),(106,1,1,'提示语:操作成功！',1649748027,'127.0.0.1','/cms/cms/add/catid/32.html?dialog=1'),(107,1,1,'提示语:添加成功！',1649748236,'127.0.0.1','/cms/category/add/parentid/38.html?dialog=1'),(108,1,1,'提示语:操作成功！',1649748273,'127.0.0.1','/cms/cms/add/catid/44.html?dialog=1'),(109,1,1,'提示语:操作成功！',1649748285,'127.0.0.1','/cms/cms/add/catid/44.html?dialog=1'),(110,1,1,'提示语:操作成功！',1649748712,'127.0.0.1','/cms/cms/add/catid/44.html?dialog=1'),(111,1,1,'提示语:操作成功！',1649748739,'127.0.0.1','/cms/cms/add/catid/44.html?dialog=1'),(112,1,1,'提示语:操作成功！',1649748747,'127.0.0.1','/cms/cms/add/catid/44.html?dialog=1'),(113,1,1,'提示语:新增成功',1649749510,'127.0.0.1','/admin/config/add/groupType/base.html?dialog=1'),(114,1,1,'提示语:设置更新成功',1649749533,'127.0.0.1','/admin/config/setting/menuid/13.html'),(115,1,1,'提示语:设置更新成功',1649749603,'127.0.0.1','/admin/config/setting/menuid/13.html'),(116,1,1,'提示语:新增成功',1649749626,'127.0.0.1','/admin/config/add/groupType/base.html?dialog=1'),(117,1,1,'提示语:设置更新成功',1649749640,'127.0.0.1','/admin/config/setting/menuid/13.html'),(118,1,1,'提示语:操作成功！',1649752456,'127.0.0.1','/cms/cms/add/catid/26.html'),(119,1,1,'提示语:操作成功！',1649752505,'127.0.0.1','/cms/cms/add/catid/27.html'),(120,1,1,'提示语:更新缓存成功！',1649753506,'127.0.0.1','/cms/category/public_cache.html'),(121,1,1,'提示语:编辑成功！',1649755702,'127.0.0.1','/cms/cms/edit/catid/44.html?id=10&dialog=1'),(122,0,0,'提示语:请先登陆',1649822081,'119.32.99.145','/admin'),(123,1,1,'提示语:恭喜您，登陆成功',1649822093,'119.32.99.145','/admin/index/login.html'),(124,1,1,'提示语:文件删除成功~',1649822133,'119.32.99.145','/attachment/attachments/del.html'),(125,1,1,'提示语:文件删除成功~',1649822139,'119.32.99.145','/attachment/attachments/del.html'),(126,1,0,'提示语:注销成功！',1649823417,'119.32.99.145','/admin/index/logout.html'),(127,0,0,'提示语:用户名不正确',1649823475,'119.32.99.145','/admin/index/login.html'),(128,1,1,'提示语:恭喜您，登陆成功',1649823481,'119.32.99.145','/admin/index/login.html'),(129,1,0,'提示语:注销成功！',1649823488,'119.32.99.145','/admin/index/logout.html'),(130,1,1,'提示语:恭喜您，登陆成功',1649823544,'119.32.99.145','/admin/index/login.html'),(131,1,0,'提示语:注销成功！',1649823551,'119.32.99.145','/admin/index/logout.html'),(132,1,1,'提示语:恭喜您，登陆成功',1649823559,'119.32.99.145','/admin/index/login.html'),(133,1,1,'提示语:设置更新成功',1649824030,'119.32.99.145','/admin/config/setting/menuid/13.html'),(134,1,1,'提示语:更新缓存成功！',1649824053,'119.32.99.145','/cms/category/public_cache.html'),(135,0,1,'提示语:栏目含有信息，不得删除！',1649824065,'119.32.99.145','/cms/category/del.html?id=5'),(136,1,1,'提示语:删除成功！',1649824078,'119.32.99.145','/cms/cms/del/catid/14.html'),(137,1,1,'提示语:删除成功！',1649824083,'119.32.99.145','/cms/cms/del/catid/10.html'),(138,1,1,'提示语:删除成功！',1649824087,'119.32.99.145','/cms/cms/del/catid/9.html'),(139,1,1,'提示语:删除成功！',1649824092,'119.32.99.145','/cms/cms/del/catid/5.html'),(140,1,1,'提示语:删除成功！',1649824102,'119.32.99.145','/cms/cms/del/catid/4.html'),(141,1,1,'提示语:操作成功！',1649824112,'119.32.99.145','/cms/cms/add/catid/3.html'),(142,1,1,'提示语:操作成功！',1649824117,'119.32.99.145','/cms/cms/add/catid/2.html'),(143,0,1,'提示语:栏目含有子栏目，不得删除！',1649824129,'119.32.99.145','/cms/category/del.html?id=1'),(144,1,1,'提示语:栏目删除成功！',1649824133,'119.32.99.145','/cms/category/del.html?id=4'),(145,1,1,'提示语:栏目删除成功！',1649824136,'119.32.99.145','/cms/category/del.html?id=3'),(146,1,1,'提示语:栏目删除成功！',1649824138,'119.32.99.145','/cms/category/del.html?id=2'),(147,1,1,'提示语:栏目删除成功！',1649824140,'119.32.99.145','/cms/category/del.html?id=1'),(148,1,1,'提示语:栏目删除成功！',1649824142,'119.32.99.145','/cms/category/del.html?id=5'),(149,1,1,'提示语:栏目删除成功！',1649824145,'119.32.99.145','/cms/category/del.html?id=14'),(150,1,1,'提示语:栏目删除成功！',1649824147,'119.32.99.145','/cms/category/del.html?id=10'),(151,1,1,'提示语:栏目删除成功！',1649824149,'119.32.99.145','/cms/category/del.html?id=9'),(152,1,1,'提示语:栏目删除成功！',1649824151,'119.32.99.145','/cms/category/del.html?id=6'),(153,1,1,'提示语:栏目删除成功！',1649824153,'119.32.99.145','/cms/category/del.html?id=18'),(154,1,1,'提示语:栏目删除成功！',1649824158,'119.32.99.145','/cms/category/del.html?id=8'),(155,1,1,'提示语:栏目删除成功！',1649824164,'119.32.99.145','/cms/category/del.html?id=21'),(156,1,1,'提示语:栏目删除成功！',1649824166,'119.32.99.145','/cms/category/del.html?id=20'),(157,1,1,'提示语:栏目删除成功！',1649824168,'119.32.99.145','/cms/category/del.html?id=19'),(158,1,1,'提示语:更新缓存成功！',1649824170,'119.32.99.145','/cms/category/public_cache.html'),(159,1,1,'提示语:编辑成功！',1649825148,'119.32.99.145','/cms/cms/edit/catid/22.html?id=8&dialog=1'),(160,1,1,'提示语:编辑成功！',1649825940,'119.32.99.145','/cms/cms/edit/catid/22.html?id=7&dialog=1'),(161,1,1,'提示语:删除成功！',1649826120,'119.32.99.145','/cms/cms/del/catid/32.html'),(162,1,1,'提示语:操作成功！',1649826155,'119.32.99.145','/cms/cms/add/catid/32.html?dialog=1'),(163,1,1,'提示语:编辑成功！',1649826396,'119.32.99.145','/cms/cms/edit/catid/32.html?id=23&dialog=1'),(164,1,1,'提示语:编辑成功！',1649826441,'119.32.99.145','/cms/cms/edit/catid/32.html?id=23&dialog=1'),(165,1,1,'提示语:清理缓存',1649826478,'119.32.99.145','/admin/index/cache.html?type=all&_=1649823560305'),(166,1,1,'提示语:操作成功！',1649826640,'119.32.99.145','/cms/cms/add/catid/32.html?dialog=1'),(167,1,1,'提示语:编辑成功！',1649826852,'119.32.99.145','/cms/cms/edit/catid/32.html?id=24&dialog=1'),(168,1,1,'提示语:编辑成功！',1649826863,'119.32.99.145','/cms/cms/edit/catid/22.html?id=7&dialog=1'),(169,1,1,'提示语:操作成功！',1649826942,'119.32.99.145','/cms/cms/add/catid/34.html?dialog=1'),(170,1,1,'提示语:操作成功！',1649826991,'119.32.99.145','/cms/cms/add/catid/33.html?dialog=1'),(171,1,1,'提示语:操作成功！',1649827042,'119.32.99.145','/cms/cms/add/catid/32.html?dialog=1'),(172,1,1,'提示语:操作成功！',1649827074,'119.32.99.145','/cms/cms/add/catid/32.html?dialog=1'),(173,1,1,'提示语:删除成功！',1649827117,'119.32.99.145','/cms/cms/del/catid/24.html'),(174,1,1,'提示语:操作成功！',1649827132,'119.32.99.145','/cms/cms/add/catid/24.html?dialog=1'),(175,1,1,'提示语:编辑成功！',1649827193,'119.32.99.145','/cms/cms/edit/catid/24.html?id=29&dialog=1'),(176,1,1,'提示语:操作成功！',1649827270,'119.32.99.145','/cms/cms/add/catid/24.html?dialog=1'),(177,1,1,'提示语:操作成功！',1649827358,'119.32.99.145','/cms/cms/add/catid/24.html?dialog=1'),(178,1,1,'提示语:栏目数量校正成功！',1649827416,'119.32.99.145','/cms/category/count_items.html'),(179,1,1,'提示语:修改成功！',1649827431,'119.32.99.145','/cms/category/edit.html?id=26&dialog=1'),(180,1,1,'提示语:操作成功！',1649827446,'119.32.99.145','/cms/category/multi.html'),(181,1,1,'提示语:修改成功！',1649827466,'119.32.99.145','/cms/category/edit.html?id=26&dialog=1'),(182,1,1,'提示语:编辑成功！',1649827500,'119.32.99.145','/cms/cms/edit/catid/25.html?id=13&dialog=1'),(183,1,1,'提示语:编辑成功！',1649827506,'119.32.99.145','/cms/cms/edit/catid/25.html?id=12&dialog=1'),(184,1,1,'提示语:编辑成功！',1649827513,'119.32.99.145','/cms/cms/edit/catid/25.html?id=14&dialog=1'),(185,1,1,'提示语:编辑成功！',1649827518,'119.32.99.145','/cms/cms/edit/catid/25.html?id=15&dialog=1'),(186,1,1,'提示语:编辑成功！',1649827524,'119.32.99.145','/cms/cms/edit/catid/25.html?id=16&dialog=1'),(187,1,1,'提示语:编辑成功！',1649827530,'119.32.99.145','/cms/cms/edit/catid/25.html?id=17&dialog=1'),(188,1,1,'提示语:编辑成功！',1649827922,'119.32.99.145','/cms/cms/edit/catid/22.html?id=7&dialog=1'),(189,1,1,'提示语:编辑成功！',1649827926,'119.32.99.145','/cms/cms/edit/catid/22.html?id=8&dialog=1'),(190,1,1,'提示语:编辑成功！',1649827942,'119.32.99.145','/cms/cms/edit/catid/24.html?id=29&dialog=1'),(191,1,1,'提示语:编辑成功！',1649827946,'119.32.99.145','/cms/cms/edit/catid/24.html?id=30&dialog=1'),(192,1,1,'提示语:编辑成功！',1649827951,'119.32.99.145','/cms/cms/edit/catid/24.html?id=31&dialog=1'),(193,1,1,'提示语:编辑成功！',1649827969,'119.32.99.145','/cms/cms/edit/catid/32.html?id=24&dialog=1'),(194,1,1,'提示语:编辑成功！',1649827973,'119.32.99.145','/cms/cms/edit/catid/32.html?id=27&dialog=1'),(195,1,1,'提示语:编辑成功！',1649827979,'119.32.99.145','/cms/cms/edit/catid/32.html?id=28&dialog=1'),(196,1,1,'提示语:删除成功！',1649828017,'119.32.99.145','/cms/cms/del/catid/44.html'),(197,1,1,'提示语:操作成功！',1649828121,'119.32.99.145','/cms/cms/add/catid/44.html?dialog=1'),(198,1,1,'提示语:编辑成功！',1649828133,'119.32.99.145','/cms/cms/edit/catid/44.html?id=11&dialog=1'),(199,1,1,'提示语:操作成功！',1649828200,'119.32.99.145','/cms/cms/add/catid/44.html?dialog=1'),(200,1,1,'提示语:编辑成功！',1649828209,'119.32.99.145','/cms/cms/edit/catid/44.html?id=12&dialog=1'),(201,1,1,'提示语:操作成功！',1649828268,'119.32.99.145','/cms/cms/add/catid/44.html?dialog=1'),(202,1,1,'提示语:操作成功！',1649828342,'119.32.99.145','/cms/cms/add/catid/44.html?dialog=1'),(203,1,1,'提示语:编辑成功！',1649828351,'119.32.99.145','/cms/cms/edit/catid/44.html?id=14&dialog=1'),(204,1,1,'提示语:操作成功！',1649828393,'119.32.99.145','/cms/cms/add/catid/44.html?dialog=1'),(205,0,1,'提示语:该栏目不存在！',1649828673,'119.32.99.145','/cms/cms/edit/catid/w_670'),(206,0,1,'提示语:该栏目不存在！',1649828714,'119.32.99.145','/cms/cms/edit/catid/w_670'),(207,0,1,'提示语:该栏目不存在！',1649828715,'119.32.99.145','/cms/cms/edit/catid/w_670'),(208,1,1,'提示语:编辑成功！',1649828715,'119.32.99.145','/cms/cms/edit/catid/44.html?id=15&dialog=1'),(209,0,1,'提示语:该栏目不存在！',1649828727,'119.32.99.145','/cms/cms/edit/catid/w_670'),(210,1,1,'提示语:编辑成功！',1649828731,'119.32.99.145','/cms/cms/edit/catid/44.html?id=15&dialog=1'),(211,1,1,'提示语:新增成功',1649829638,'119.32.99.145','/admin/config/add/groupType/base.html?dialog=1'),(212,1,1,'提示语:设置更新成功',1649829708,'119.32.99.145','/admin/config/setting/menuid/13.html'),(213,0,0,'提示语:请先登陆',1650027275,'119.32.99.28','/admin'),(214,0,0,'提示语:密码不正确',1650027283,'119.32.99.28','/admin/index/login.html'),(215,1,1,'提示语:恭喜您，登陆成功',1650027288,'119.32.99.28','/admin/index/login.html'),(216,0,0,'提示语:请先登陆',1650027326,'117.172.18.123','/admin'),(217,1,1,'提示语:恭喜您，登陆成功',1650027343,'117.172.18.123','/admin/index/login.html'),(218,0,0,'提示语:请先登陆',1650116409,'117.172.18.123','/admin'),(219,1,1,'提示语:恭喜您，登陆成功',1650116420,'117.172.18.123','/admin/index/login.html'),(220,1,1,'提示语:修改成功！',1650116533,'117.172.18.123','/cms/category/edit/id/26.html?dialog=1'),(221,1,1,'提示语:栏目删除成功！',1650116578,'117.172.18.123','/cms/category/del.html?id=40'),(222,1,1,'提示语:修改成功！',1650116608,'117.172.18.123','/cms/category/edit.html?id=37&dialog=1'),(223,1,1,'提示语:修改成功！',1650116648,'117.172.18.123','/cms/category/edit.html?id=37&dialog=1'),(224,1,1,'提示语:修改成功！',1650116671,'117.172.18.123','/cms/category/edit/id/37.html?dialog=1'),(225,1,1,'提示语:修改成功！',1650116688,'117.172.18.123','/cms/category/edit/id/37.html?dialog=1'),(226,1,1,'提示语:修改成功！',1650116742,'117.172.18.123','/cms/category/edit.html?id=32&dialog=1'),(227,1,1,'提示语:修改成功！',1650117081,'117.172.18.123','/cms/category/edit/id/28.html?dialog=1'),(228,1,1,'提示语:添加成功！',1650117239,'117.172.18.123','/cms/category/singlepage/parentid/28.html?dialog=1'),(229,1,1,'提示语:修改成功！',1650117405,'117.172.18.123','/cms/category/edit/id/30.html?dialog=1'),(230,1,1,'提示语:添加成功！',1650117443,'117.172.18.123','/cms/category/add/parentid/29.html?dialog=1'),(231,1,1,'提示语:栏目数量校正成功！',1650117677,'117.172.18.123','/cms/category/count_items.html'),(232,1,1,'提示语:添加成功！',1650117772,'117.172.18.123','/cms/category/singlepage/parentid/28.html?dialog=1'),(233,0,0,'提示语:请先登陆',1650133789,'106.14.0.87','/admin/'),(234,0,0,'提示语:请先登陆',1650154311,'180.163.220.67','/admin'),(235,0,0,'提示语:请先登陆',1650154315,'180.163.220.3','/admin'),(236,0,0,'提示语:请先登陆',1650175867,'106.14.113.165','/admin/'),(237,0,0,'提示语:请先登陆',1650220202,'47.101.34.111','/admin/'),(238,0,0,'提示语:请先登陆',1650255050,'36.170.34.187','/admin/index/index.html'),(239,0,0,'提示语:请先登陆',1650364002,'36.170.34.183','/admin/index/index.html'),(240,0,0,'提示语:请先登陆',1650635429,'223.87.228.204','/admin/index/index.html'),(241,0,0,'提示语:请先登陆',1650722945,'223.87.228.204','/admin/index/index.html'),(242,1,1,'提示语:恭喜您，登陆成功',1650722957,'223.87.228.204','/admin/index/login.html'),(243,1,1,'提示语:操作成功！',1650723054,'223.87.228.204','/cms/category/multi.html'),(244,1,1,'提示语:操作成功！',1650723056,'223.87.228.204','/cms/category/multi.html'),(245,1,1,'提示语:操作成功！',1650723061,'223.87.228.204','/cms/category/multi.html'),(246,0,0,'提示语:请先登陆',1650979028,'162.221.192.26','/admin/'),(247,0,0,'提示语:请先登陆',1651432153,'47.101.145.64','/admin/'),(248,0,0,'提示语:请先登陆',1651455830,'106.14.6.176','/admin/'),(249,0,0,'提示语:请先登陆',1651457234,'106.14.188.88','/admin/'),(250,0,0,'提示语:请先登陆',1651504066,'139.224.239.68','/admin/'),(251,0,0,'提示语:请先登陆',1651641934,'62.109.4.125','/admin/'),(252,0,0,'提示语:请先登陆',1652273899,'128.1.248.26','/admin/'),(253,0,0,'提示语:请先登陆',1652277323,'183.222.11.177','/admin/index/index.html'),(254,0,0,'提示语:请先登陆',1652751882,'106.14.175.202','/admin/'),(255,0,0,'提示语:请先登陆',1652766839,'106.15.200.185','/admin/'),(256,0,0,'提示语:请先登陆',1652771337,'106.15.231.13','/admin/'),(257,1,1,'提示语:恭喜您，登陆成功',1652792966,'36.170.34.131','/admin/index/login.html'),(258,0,0,'提示语:请先登陆',1653839366,'193.118.53.202','/admin/'),(259,0,0,'提示语:请先登陆',1655215986,'117.139.251.60','/admin'),(260,1,1,'提示语:恭喜您，登陆成功',1655215992,'117.139.251.60','/admin/index/login.html'),(261,0,0,'提示语:请先登陆',1655216006,'180.163.220.66','/admin'),(262,1,1,'提示语:修改成功！',1655217230,'117.139.251.60','/cms/category/edit/id/27.html?dialog=1'),(263,1,1,'提示语:栏目数量校正成功！',1655217387,'117.139.251.60','/cms/category/count_items.html'),(264,1,1,'提示语:修改成功！',1655217436,'117.139.251.60','/cms/category/edit/id/45.html?dialog=1'),(265,1,1,'提示语:修改成功！',1655217447,'117.139.251.60','/cms/category/edit/id/47.html?dialog=1'),(266,0,0,'提示语:请先登陆',1655220805,'61.151.178.164','/admin'),(267,0,0,'提示语:请先登陆',1655222721,'183.192.164.76','/admin'),(268,0,0,'提示语:请先登陆',1655278591,'117.175.132.163','/admin'),(269,1,1,'提示语:恭喜您，登陆成功',1655278621,'117.175.132.163','/admin/index/login.html'),(270,0,0,'提示语:请先登陆',1655325354,'128.1.248.26','/admin/'),(271,0,0,'提示语:请先登陆',1655374971,'5.188.62.76','/admin'),(272,0,0,'提示语:请先登陆',1655404290,'139.224.235.209','/admin/'),(273,0,0,'提示语:请先登陆',1655404522,'106.14.160.225','/admin/'),(274,0,0,'提示语:请先登陆',1655428273,'139.196.101.176','/admin/'),(275,0,0,'提示语:请先登陆',1655478841,'120.204.17.72','/admin'),(276,0,0,'提示语:请先登陆',1655519188,'178.79.148.229','/admin.html'),(277,0,0,'提示语:请先登陆',1655690618,'61.151.178.163','/admin'),(278,0,0,'提示语:请先登陆',1656289613,'117.175.132.159','/admin'),(279,0,0,'提示语:请先登陆',1656289614,'120.92.72.104','/admin'),(280,1,1,'提示语:恭喜您，登陆成功',1656289630,'117.175.132.159','/admin/index/login.html'),(281,1,1,'提示语:操作成功！',1656289677,'117.175.132.159','/cms/cms/add/catid/47.html'),(282,0,0,'提示语:请先登陆',1656289916,'119.33.33.33','/admin/index/index.html'),(283,1,1,'提示语:恭喜您，登陆成功',1656289963,'119.33.33.33','/admin/index/login.html'),(284,1,1,'提示语:清理缓存',1656290139,'117.175.132.159','/admin/index/cache.html?type=all&_=1656289633771'),(285,1,1,'提示语:清理缓存',1656290230,'117.175.132.159','/admin/index/cache.html?type=all&_=1656289633772'),(286,1,1,'提示语:操作成功！',1656290262,'117.175.132.159','/cms/cms/add/catid/27.html'),(287,1,1,'提示语:清理缓存',1656290299,'117.175.132.159','/admin/index/cache.html?type=all&_=1656289633773'),(288,1,1,'提示语:清理缓存',1656290435,'119.33.33.33','/admin/index/cache.html?type=all&_=1656289963409'),(289,1,1,'提示语:修改成功！',1656290698,'117.175.132.159','/cms/category/edit.html?id=47&dialog=1'),(290,1,1,'提示语:清理缓存',1656292532,'119.33.33.33','/admin/index/cache.html?type=all&_=1656289963410'),(291,1,1,'提示语:操作成功！',1656292838,'180.84.26.254','/cms/cms/add/catid/47.html'),(292,1,1,'提示语:操作成功！',1656292896,'180.84.26.254','/cms/cms/add/catid/47.html'),(293,1,1,'提示语:操作成功！',1656292947,'180.84.26.254','/cms/cms/add/catid/47.html'),(294,1,1,'提示语:操作成功！',1656292977,'180.84.26.254','/cms/cms/add/catid/47.html'),(295,1,1,'提示语:操作成功！',1656293116,'180.84.26.254','/cms/cms/add/catid/47.html'),(296,1,1,'提示语:添加成功！',1656293178,'180.84.26.254','/cms/category/singlepage/parentid/47.html?dialog=1'),(297,1,1,'提示语:修改成功！',1656293202,'180.84.26.254','/cms/category/edit.html?id=48&dialog=1'),(298,1,1,'提示语:清理缓存',1656293218,'180.84.26.254','/admin/index/cache.html?type=all&_=1656292816251'),(299,1,1,'提示语:操作成功！',1656293266,'180.84.26.254','/cms/category/multi.html'),(300,1,1,'提示语:修改成功！',1656293288,'180.84.26.254','/cms/category/edit.html?id=47&dialog=1'),(301,1,1,'提示语:修改成功！',1656293298,'180.84.26.254','/cms/category/edit.html?id=48&dialog=1'),(302,1,1,'提示语:添加成功！',1656293330,'180.84.26.254','/cms/category/singlepage/parentid/48.html?dialog=1'),(303,1,1,'提示语:添加成功！',1656293358,'180.84.26.254','/cms/category/singlepage/parentid/49.html?dialog=1'),(304,0,0,'提示语:请先登陆',1656295507,'180.84.26.254','/admin/index/index.html'),(305,0,0,'提示语:请先登陆',1656440656,'101.132.180.66','/admin/'),(306,0,0,'提示语:请先登陆',1656526674,'47.100.99.193','/admin/'),(307,0,0,'提示语:请先登陆',1656817242,'128.14.133.58','/admin/'),(308,0,0,'提示语:请先登陆',1656832753,'183.192.164.76','/admin'),(309,0,0,'提示语:密码不正确',1657538095,'117.139.251.191','/admin/index/login.html'),(310,1,1,'提示语:恭喜您，登陆成功',1657538099,'117.139.251.191','/admin/index/login.html'),(311,1,1,'提示语:操作成功！',1657538190,'117.139.251.191','/cms/cms/add/catid/50.html'),(312,1,1,'提示语:操作成功！',1657538232,'117.139.251.191','/cms/cms/add/catid/50.html'),(313,1,1,'提示语:操作成功！',1657538424,'117.139.251.191','/cms/cms/add/catid/50.html'),(314,1,1,'提示语:操作成功！',1657538493,'117.139.251.191','/cms/cms/add/catid/50.html'),(315,1,1,'提示语:操作成功！',1657538501,'117.139.251.191','/cms/cms/add/catid/50.html'),(316,1,1,'提示语:操作成功！',1657538628,'117.139.251.191','/cms/cms/add/catid/48.html'),(317,1,1,'提示语:操作成功！',1657538651,'117.139.251.191','/cms/cms/add/catid/49.html'),(318,1,1,'提示语:操作成功！',1657538764,'117.139.251.191','/cms/cms/add/catid/48.html'),(319,1,1,'提示语:操作成功！',1657538802,'117.139.251.191','/cms/cms/add/catid/49.html'),(320,1,1,'提示语:操作成功！',1657538825,'117.139.251.191','/cms/cms/add/catid/50.html'),(321,1,1,'提示语:修改成功！',1657538880,'117.139.251.191','/cms/category/edit.html?id=48&dialog=1'),(322,1,1,'提示语:修改成功！',1657538929,'117.139.251.191','/cms/category/edit/id/47.html?dialog=1'),(323,1,1,'提示语:清理缓存',1657538969,'117.139.251.191','/admin/index/cache.html?type=all&_=1657538377534'),(324,1,1,'提示语:修改成功！',1657538992,'117.139.251.191','/cms/category/edit/id/49.html?dialog=1'),(325,1,1,'提示语:修改成功！',1657539008,'117.139.251.191','/cms/category/edit/id/50.html?dialog=1'),(326,1,1,'提示语:修改成功！',1657539047,'117.139.251.191','/cms/category/edit/id/47.html?dialog=1'),(327,1,1,'提示语:清理缓存',1657539057,'117.139.251.191','/admin/index/cache.html?type=data&_=1657538377535'),(328,1,1,'提示语:操作成功！',1657539347,'117.139.251.191','/cms/cms/add/catid/47.html'),(329,1,1,'提示语:清理缓存',1657539353,'117.139.251.191','/admin/index/cache.html?type=template&_=1657538377536'),(330,1,1,'提示语:清理缓存',1657539356,'117.139.251.191','/admin/index/cache.html?type=data&_=1657538377537'),(331,1,1,'提示语:添加成功！',1657539440,'117.139.251.191','/cms/category/add/parentid/31.html?dialog=1'),(332,1,1,'提示语:清理缓存',1657539449,'117.139.251.191','/admin/index/cache.html?type=data&_=1657538377538'),(333,1,1,'提示语:清理缓存',1657539451,'117.139.251.191','/admin/index/cache.html?type=template&_=1657538377539'),(334,0,0,'提示语:请先登陆',1657701200,'152.32.253.109','/admin'),(335,0,0,'提示语:请先登陆',1657992808,'106.14.169.40','/admin/'),(336,0,0,'提示语:请先登陆',1658001254,'106.14.158.155','/admin/'),(337,0,0,'提示语:请先登陆',1658002712,'139.224.233.209','/admin/'),(338,0,0,'提示语:密码不正确',1658367106,'180.84.26.254','/admin/index/login.html'),(339,1,1,'提示语:恭喜您，登陆成功',1658367112,'180.84.26.254','/admin/index/login.html'),(340,1,1,'提示语:操作成功！',1658367145,'180.84.26.254','/cms/cms/add/catid/47.html'),(341,0,0,'提示语:请先登陆',1658900964,'128.14.133.58','/admin/'),(342,0,0,'提示语:请先登陆',1659051640,'182.151.196.62','/admin/'),(343,0,0,'提示语:请先登陆',1659382206,'139.196.81.205','/admin/'),(344,0,0,'提示语:请先登陆',1659406541,'47.100.44.58','/admin/'),(345,0,0,'提示语:请先登陆',1659410421,'106.15.197.151','/admin/'),(346,0,0,'提示语:请先登陆',1660401152,'128.14.133.58','/admin/'),(347,0,0,'提示语:请先登陆',1660673390,'139.224.13.232','/admin/'),(348,0,0,'提示语:请先登陆',1660688251,'139.196.121.90','/admin/'),(349,0,0,'提示语:请先登陆',1660692434,'106.14.4.86','/admin/'),(350,0,0,'提示语:请先登陆',1661194476,'139.224.237.140','/admin/'),(351,0,0,'提示语:请先登陆',1661198337,'5.188.62.174','/admin/'),(352,0,0,'提示语:请先登陆',1661281039,'47.102.134.186','/admin/'),(353,0,0,'提示语:请先登陆',1661897028,'128.14.141.34','/admin/'),(354,0,0,'提示语:请先登陆',1662059921,'106.14.184.183','/admin/'),(355,0,0,'提示语:请先登陆',1662068182,'106.14.127.134','/admin/'),(356,0,0,'提示语:请先登陆',1662095814,'139.196.82.22','/admin/'),(357,0,0,'提示语:请先登陆',1662102466,'91.227.68.179','/admin/'),(358,0,0,'提示语:请先登陆',1662328012,'128.1.248.26','/admin/'),(359,0,0,'提示语:请先登陆',1663343881,'128.14.133.58','/admin/'),(360,0,0,'提示语:请先登陆',1663355123,'47.102.138.230','/admin/'),(361,0,0,'提示语:请先登陆',1663371819,'47.102.118.23','/admin/'),(362,0,0,'提示语:请先登陆',1663373959,'47.102.104.91','/admin/'),(363,0,0,'提示语:请先登陆',1664172732,'180.84.31.5','/admin'),(364,0,0,'提示语:请先登陆',1664203511,'27.115.124.101','/admin'),(365,0,0,'提示语:请先登陆',1664655595,'139.196.75.35','/admin/'),(366,0,0,'提示语:请先登陆',1664675772,'139.196.102.22','/admin/'),(367,0,0,'提示语:请先登陆',1664684297,'139.196.85.143','/admin/'),(368,0,0,'提示语:请先登陆',1664697869,'162.221.192.26','/admin/'),(369,0,0,'提示语:请先登陆',1665172138,'139.196.122.93','/admin/'),(370,0,0,'提示语:请先登陆',1665256864,'101.132.237.201','/admin/'),(371,1,1,'提示语:恭喜您，登陆成功',1665450671,'180.84.27.255','/admin/index/login.html'),(372,1,1,'提示语:操作成功！',1665450774,'180.84.27.255','/cms/category/multi.html'),(373,1,1,'提示语:操作成功！',1665450792,'180.84.27.255','/cms/category/multi.html'),(374,1,1,'提示语:栏目删除成功！',1665450798,'180.84.27.255','/cms/category/del.html?id=48'),(375,1,1,'提示语:栏目删除成功！',1665450805,'180.84.27.255','/cms/category/del.html?id=47'),(376,1,1,'提示语:修改成功！',1665450831,'180.84.27.255','/cms/category/edit/id/50.html?dialog=1'),(377,1,1,'提示语:修改成功！',1665450862,'180.84.27.255','/cms/category/edit/id/49.html?dialog=1'),(378,1,1,'提示语:操作成功！',1665450870,'180.84.27.255','/cms/category/multi.html'),(379,0,1,'提示语:唯一标识只能是字母、数字和下划线_及破折号-',1665450886,'180.84.27.255','/cms/category/edit/id/45.html?dialog=1'),(380,1,1,'提示语:修改成功！',1665450898,'180.84.27.255','/cms/category/edit/id/45.html?dialog=1'),(381,1,1,'提示语:文件删除成功~',1665451055,'180.84.27.255','/attachment/attachments/del.html?id=28'),(382,1,1,'提示语:文件删除成功~',1665451058,'180.84.27.255','/attachment/attachments/del.html?id=27'),(383,1,1,'提示语:文件删除成功~',1665451061,'180.84.27.255','/attachment/attachments/del.html?id=26'),(384,1,1,'提示语:文件删除成功~',1665451065,'180.84.27.255','/attachment/attachments/del.html?id=25'),(385,1,1,'提示语:文件删除成功~',1665451068,'180.84.27.255','/attachment/attachments/del.html?id=24'),(386,1,1,'提示语:文件删除成功~',1665451070,'180.84.27.255','/attachment/attachments/del.html?id=23'),(387,1,1,'提示语:文件删除成功~',1665451073,'180.84.27.255','/attachment/attachments/del.html?id=22'),(388,1,1,'提示语:文件删除成功~',1665451079,'180.84.27.255','/attachment/attachments/del.html?id=21'),(389,1,1,'提示语:文件删除成功~',1665451081,'180.84.27.255','/attachment/attachments/del.html?id=20'),(390,1,1,'提示语:文件删除成功~',1665451083,'180.84.27.255','/attachment/attachments/del.html?id=19'),(391,1,1,'提示语:栏目删除成功！',1665451397,'180.84.27.255','/cms/category/del.html?id=42'),(392,1,1,'提示语:修改成功！',1665451418,'180.84.27.255','/cms/category/edit.html?id=43&dialog=1'),(393,1,1,'提示语:修改成功！',1665451442,'180.84.27.255','/cms/category/edit.html?id=37&dialog=1'),(394,1,1,'提示语:修改成功！',1665451450,'180.84.27.255','/cms/category/edit.html?id=36&dialog=1'),(395,1,1,'提示语:清理缓存',1665451478,'180.84.27.255','/admin/index/cache.html?type=all&_=1665451006176'),(396,0,1,'提示语:栏目含有信息，不得删除！',1665451689,'180.84.27.255','/cms/category/del.html?id=25'),(397,0,1,'提示语:栏目含有信息，不得删除！',1665451695,'180.84.27.255','/cms/category/del.html?id=25'),(398,1,1,'提示语:栏目数量校正成功！',1665451726,'180.84.27.255','/cms/category/count_items.html'),(399,0,1,'提示语:栏目含有信息，不得删除！',1665451751,'180.84.27.255','/cms/category/del.html'),(400,1,1,'提示语:更新缓存成功！',1665451756,'180.84.27.255','/cms/category/public_cache.html'),(401,1,1,'提示语:恭喜您，登陆成功',1665451825,'180.84.27.255','/admin/index/login.html'),(402,1,1,'提示语:删除成功！',1665451972,'180.84.27.255','/cms/cms/del/catid/25.html'),(403,1,1,'提示语:操作成功！',1665452078,'180.84.27.255','/cms/cms/add/catid/27.html'),(404,1,1,'提示语:操作成功！',1665452110,'180.84.27.255','/cms/cms/add/catid/50.html'),(405,1,1,'提示语:操作成功！',1665452138,'180.84.27.255','/cms/cms/add/catid/49.html'),(406,1,1,'提示语:修改成功！',1665452247,'180.84.27.255','/cms/category/edit.html?id=50&dialog=1'),(407,1,1,'提示语:修改成功！',1665452275,'180.84.27.255','/cms/category/edit.html?id=49&dialog=1'),(408,1,1,'提示语:清理缓存',1665452284,'180.84.27.255','/admin/index/cache.html?type=data&_=1665451886282'),(409,1,1,'提示语:修改成功！',1665452293,'180.84.27.255','/cms/category/edit.html?id=50&dialog=1'),(410,1,1,'提示语:栏目删除成功！',1665452312,'180.84.27.255','/cms/category/del.html?id=25'),(411,1,1,'提示语:修改成功！',1665452332,'180.84.27.255','/cms/category/edit.html?id=39&dialog=1'),(412,1,1,'提示语:清理缓存',1665452349,'180.84.27.255','/admin/index/cache.html?type=template&_=1665451886283'),(413,1,1,'提示语:删除成功！',1665452407,'180.84.27.255','/cms/cms/del/catid/24.html'),(414,1,1,'提示语:删除成功！',1665452423,'180.84.27.255','/cms/cms/del/catid/34.html'),(415,1,1,'提示语:删除成功！',1665452428,'180.84.27.255','/cms/cms/del/catid/33.html'),(416,1,1,'提示语:删除成功！',1665452435,'180.84.27.255','/cms/cms/del/catid/32.html'),(417,1,1,'提示语:清理缓存',1665452470,'180.84.27.255','/admin/index/cache.html?type=data&_=1665451886284'),(418,1,1,'提示语:清理缓存',1665452474,'180.84.27.255','/admin/index/cache.html?type=all&_=1665451886285'),(419,1,1,'提示语:删除成功！',1665452496,'180.84.27.255','/cms/cms/del/catid/44.html'),(420,1,1,'提示语:清理缓存',1665452521,'180.84.27.255','/admin/index/cache.html?type=all&_=1665451886286'),(421,1,1,'提示语:栏目删除成功！',1665452533,'180.84.27.255','/cms/category/del.html?id=39'),(422,1,1,'提示语:修改成功！',1665452560,'180.84.27.255','/cms/category/edit.html?id=35&dialog=1'),(423,1,1,'提示语:清理缓存',1665452565,'180.84.27.255','/admin/index/cache.html?type=all&_=1665451886287'),(424,1,1,'提示语:操作成功！',1665452624,'180.84.27.255','/cms/cms/add/catid/26.html'),(425,1,1,'提示语:栏目删除成功！',1665452645,'180.84.27.255','/cms/category/del.html?id=27'),(426,1,1,'提示语:清理缓存',1665452671,'180.84.27.255','/admin/index/cache.html?type=all&_=1665451886288'),(427,1,1,'提示语:操作成功！',1665452737,'180.84.27.255','/cms/cms/add/catid/26.html'),(428,1,1,'提示语:清理缓存',1665452771,'180.84.27.255','/admin/index/cache.html?type=all&_=1665451886289'),(429,1,1,'提示语:修改成功！',1665452865,'180.84.27.255','/cms/category/edit.html?id=49&dialog=1'),(430,1,1,'提示语:栏目删除成功！',1665452869,'180.84.27.255','/cms/category/del.html?id=49'),(431,1,1,'提示语:栏目删除成功！',1665452898,'180.84.27.255','/cms/category/del.html?id=36'),(432,1,1,'提示语:栏目删除成功！',1665452902,'180.84.27.255','/cms/category/del.html?id=37'),(433,1,1,'提示语:栏目删除成功！',1665452956,'180.84.27.255','/cms/category/del.html?id=45'),(434,1,1,'提示语:栏目删除成功！',1665452967,'180.84.27.255','/cms/category/del.html?id=50'),(435,1,1,'提示语:清理缓存',1665452985,'180.84.27.255','/admin/index/cache.html?type=all&_=1665451886290'),(436,1,1,'提示语:栏目删除成功！',1665453040,'180.84.27.255','/cms/category/del.html?id=28'),(437,1,1,'提示语:清理缓存',1665453088,'180.84.27.255','/admin/index/cache.html?type=all&_=1665451886291'),(438,0,0,'提示语:请先登陆',1665799660,'128.14.134.170','/admin/'),(439,0,0,'提示语:请先登陆',1665945868,'139.224.133.10','/admin/'),(440,0,0,'提示语:请先登陆',1665956567,'106.14.188.167','/admin/'),(441,0,0,'提示语:请先登陆',1665974865,'47.100.252.198','/admin/'),(442,0,0,'提示语:请先登陆',1666610391,'51.81.250.111','/admin/'),(443,0,0,'提示语:请先登陆',1666926383,'128.14.133.58','/admin/'),(444,0,0,'提示语:请先登陆',1667336204,'106.14.15.71','/admin/'),(445,0,0,'提示语:请先登陆',1667343711,'123.56.155.157','/admin.html'),(446,0,0,'提示语:请先登陆',1667344168,'106.14.197.49','/admin/'),(447,0,0,'提示语:请先登陆',1667372429,'106.14.197.190','/admin/'),(448,0,0,'提示语:请先登陆',1667957298,'128.1.248.26','/admin/'),(449,0,0,'提示语:请先登陆',1668025293,'101.132.35.89','/admin/'),(450,0,0,'提示语:请先登陆',1668323319,'47.101.149.21','/admin.html'),(451,0,0,'提示语:请先登陆',1668393570,'47.101.149.21','/admin.html'),(452,0,0,'提示语:请先登陆',1668497415,'51.81.250.111','/admin/'),(453,0,0,'提示语:请先登陆',1668659944,'139.196.136.43','/admin/'),(454,0,0,'提示语:请先登陆',1668672877,'106.14.8.52','/admin/'),(455,0,0,'提示语:请先登陆',1668674497,'106.14.173.10','/admin/'),(456,0,0,'提示语:请先登陆',1669160202,'162.221.192.26','/admin/'),(457,0,0,'提示语:请先登陆',1669488056,'5.188.62.26','/admin'),(458,0,0,'提示语:请先登陆',1669930313,'139.224.119.142','/admin/'),(459,0,0,'提示语:请先登陆',1669934395,'106.14.150.80','/admin/'),(460,0,0,'提示语:请先登陆',1669971999,'101.132.35.90','/admin/'),(461,0,0,'提示语:请先登陆',1670105483,'123.56.155.157','/admin.html'),(462,0,0,'提示语:请先登陆',1670404004,'128.14.134.170','/admin/'),(463,0,0,'提示语:请先登陆',1670455427,'23.251.102.90','/admin/'),(464,0,0,'提示语:请先登陆',1671017169,'185.180.143.6','/admin/'),(465,0,0,'提示语:请先登陆',1671213046,'106.14.213.79','/admin/'),(466,0,0,'提示语:请先登陆',1671233675,'106.14.207.42','/admin/'),(467,0,0,'提示语:请先登陆',1671263299,'106.14.132.83','/admin/'),(468,0,0,'提示语:请先登陆',1671325432,'8.134.89.107','/admin.html'),(469,0,0,'提示语:请先登陆',1671568267,'128.14.134.134','/admin/'),(470,0,0,'提示语:请先登陆',1671749412,'8.134.89.107','/admin.html'),(471,0,0,'提示语:请先登陆',1671784891,'172.104.193.53','/admin/'),(472,0,0,'提示语:请先登陆',1672262423,'47.101.154.149','/admin.html'),(473,0,0,'提示语:请先登陆',1672349733,'5.188.62.140','/admin'),(474,0,0,'提示语:请先登陆',1672626387,'139.196.85.211','/admin/'),(475,0,0,'提示语:请先登陆',1672630857,'139.196.88.26','/admin/'),(476,0,0,'提示语:请先登陆',1672663679,'139.196.101.157','/admin/'),(477,0,0,'提示语:请先登陆',1672794141,'23.251.102.74','/admin/'),(478,0,0,'提示语:请先登陆',1673051662,'123.57.235.51','/admin.html'),(479,0,0,'提示语:请先登陆',1673053955,'47.101.149.21','/admin.html'),(480,0,0,'提示语:请先登陆',1673381885,'8.134.89.107','/admin.html'),(481,0,0,'提示语:请先登陆',1673541319,'47.101.149.21','/admin.html'),(482,0,0,'提示语:请先登陆',1674016193,'162.221.192.26','/admin/'),(483,0,0,'提示语:请先登陆',1674106371,'47.101.149.21','/admin.html'),(484,0,0,'提示语:请先登陆',1674434322,'5.188.62.26','/admin'),(485,0,0,'提示语:请先登陆',1674444861,'8.134.81.19','/admin.html'),(486,0,0,'提示语:请先登陆',1674500812,'106.15.202.18','/admin/'),(487,0,0,'提示语:请先登陆',1674586817,'139.224.236.13','/admin/'),(488,0,0,'提示语:请先登陆',1674679516,'47.101.154.149','/admin.html'),(489,0,0,'提示语:请先登陆',1675603533,'47.101.154.149','/admin.html'),(490,0,0,'提示语:请先登陆',1675662371,'185.180.143.11','/admin/'),(491,0,0,'提示语:请先登陆',1676323078,'47.100.167.60','/admin/'),(492,0,0,'提示语:请先登陆',1676583776,'139.196.121.176','/admin/'),(493,0,0,'提示语:请先登陆',1676585508,'106.14.160.237','/admin/'),(494,0,0,'提示语:请先登陆',1676618558,'139.196.121.176','/admin/'),(495,0,0,'提示语:请先登陆',1676721615,'185.180.143.18','/admin/'),(496,0,0,'提示语:请先登陆',1676848489,'123.57.235.51','/admin.html'),(497,0,0,'提示语:请先登陆',1677307822,'47.101.149.21','/admin.html'),(498,0,0,'提示语:请先登陆',1677364566,'123.56.155.157','/admin.html'),(499,0,0,'提示语:请先登陆',1677560648,'5.188.62.21','/admin/'),(500,0,0,'提示语:请先登陆',1677692050,'106.14.0.250','/admin/'),(501,0,0,'提示语:请先登陆',1677712950,'106.14.147.136','/admin/'),(502,0,0,'提示语:请先登陆',1677714100,'106.14.189.243','/admin/'),(503,0,0,'提示语:请先登陆',1678184272,'123.57.235.51','/admin.html');
/*!40000 ALTER TABLE `yzn_adminlog` ENABLE KEYS */;
UNLOCK TABLES;

--
-- Table structure for table `yzn_article`
--

DROP TABLE IF EXISTS `yzn_article`;
/*!40101 SET @saved_cs_client     = @@character_set_client */;
/*!40101 SET character_set_client = utf8 */;
CREATE TABLE `yzn_article` (
  `id` mediumint(8) unsigned NOT NULL AUTO_INCREMENT COMMENT '文档ID',
  `catid` smallint(5) unsigned NOT NULL DEFAULT '0' COMMENT '栏目ID',
  `title` varchar(255) CHARACTER SET utf8 COLLATE utf8_unicode_ci NOT NULL DEFAULT '' COMMENT '标题',
  `thumb` varchar(255) COLLATE utf8mb4_unicode_ci NOT NULL DEFAULT '' COMMENT '缩略图',
  `flag` varchar(32) CHARACTER SET utf8 COLLATE utf8_unicode_ci NOT NULL DEFAULT '' COMMENT '属性',
  `keywords` varchar(255) CHARACTER SET utf8 COLLATE utf8_unicode_ci NOT NULL DEFAULT '' COMMENT 'SEO关键词',
  `description` varchar(255) CHARACTER SET utf8 COLLATE utf8_unicode_ci NOT NULL DEFAULT '' COMMENT 'SEO描述',
  `tags` varchar(255) CHARACTER SET utf8 COLLATE utf8_unicode_ci NOT NULL DEFAULT '' COMMENT 'Tags标签',
  `listorder` smallint(5) unsigned NOT NULL DEFAULT '100' COMMENT '排序',
  `uid` mediumint(8) unsigned NOT NULL DEFAULT '0' COMMENT '用户id',
  `username` varchar(20) CHARACTER SET utf8 COLLATE utf8_unicode_ci NOT NULL DEFAULT '' COMMENT '用户名',
  `sysadd` tinyint(1) unsigned NOT NULL DEFAULT '0' COMMENT '是否后台添加',
  `hits` mediumint(8) unsigned DEFAULT '0' COMMENT '点击量',
  `inputtime` int(10) unsigned NOT NULL DEFAULT '0' COMMENT '创建时间',
  `updatetime` int(10) unsigned NOT NULL DEFAULT '0' COMMENT '更新时间',
  `url` varchar(100) COLLATE utf8mb4_unicode_ci NOT NULL DEFAULT '' COMMENT '链接地址',
  `status` tinyint(2) NOT NULL DEFAULT '0' COMMENT '状态',
  PRIMARY KEY (`id`) USING BTREE,
  KEY `status` (`catid`,`status`) USING BTREE
) ENGINE=MyISAM AUTO_INCREMENT=32 DEFAULT CHARSET=utf8mb4 COLLATE=utf8mb4_unicode_ci COMMENT='文章模型模型表';
/*!40101 SET character_set_client = @saved_cs_client */;

--
-- Dumping data for table `yzn_article`
--

LOCK TABLES `yzn_article` WRITE;
/*!40000 ALTER TABLE `yzn_article` DISABLE KEYS */;
INSERT INTO `yzn_article` VALUES (7,22,'banner1','/uploads/images/20220413/b8db43dc68e64408d6555ea4247b9397.jpeg','4','','','',100,1,'admin',1,0,1649726340,1649827922,'',1),(8,22,'banner2','/uploads/images/20220413/f28528e8ddf4a72d71a2eaf42f50c8be.jpg','4','','','',100,1,'admin',1,0,1649726422,1649827926,'',1),(30,24,'国家农机装备创新中心研发农业智能机器人！','http://www.hamdc.cn/file/upload/202001/13/101936291.jpg','4','','1月8日，在位于河南省洛阳市伊滨区的国家农机装备创新中心小型农业装备实验室，有关人员正在对弥雾机器人开展测试。该中心新研发产品智能化程度高、功能强大，除施药灭虫外，还具有喷雾防止果树冻花、冻果的作用，广泛运用在各种果园、大棚、大田植保作业。国家农机装备创新中心是全国正式批复建设的第12家国家制造业创新中心，也是我省首个国家制造业创新中心。目前中心集聚了多个科研院所和高校的研发力量，在农机装备核心元','',100,1,'admin',1,59,1649827260,1649827946,'',1);
/*!40000 ALTER TABLE `yzn_article` ENABLE KEYS */;
UNLOCK TABLES;

--
-- Table structure for table `yzn_article_data`
--

DROP TABLE IF EXISTS `yzn_article_data`;
/*!40101 SET @saved_cs_client     = @@character_set_client */;
/*!40101 SET character_set_client = utf8 */;
CREATE TABLE `yzn_article_data` (
  `did` mediumint(8) unsigned NOT NULL DEFAULT '0',
  `content` mediumtext CHARACTER SET utf8 COLLATE utf8_unicode_ci COMMENT '内容',
  PRIMARY KEY (`did`) USING BTREE
) ENGINE=MyISAM DEFAULT CHARSET=utf8mb4 COLLATE=utf8mb4_unicode_ci COMMENT='文章模型模型表';
/*!40101 SET character_set_client = @saved_cs_client */;

--
-- Dumping data for table `yzn_article_data`
--

LOCK TABLES `yzn_article_data` WRITE;
/*!40000 ALTER TABLE `yzn_article_data` DISABLE KEYS */;
INSERT INTO `yzn_article_data` VALUES (30,'&lt;div style=&quot;word-break: break-all; font-family: &amp;quot;Microsoft Yahei&amp;quot;, Verdana, Arial, 微软雅黑; text-size-adjust: none; color: rgb(51, 51, 51); white-space: normal;&quot;&gt;&lt;div class=&quot;content&quot; style=&quot;word-break: break-all; text-size-adjust: none; line-height: 28.8px; padding: 10px 20px;&quot;&gt;&lt;p style=&quot;word-break: break-all; text-size-adjust: none; text-indent: 2em;&quot;&gt;&lt;span style=&quot;word-break: break-all; font-family: 宋体; text-size-adjust: none;&quot;&gt;1月8日，&lt;/span&gt;&lt;span style=&quot;word-break: break-all; font-family: 宋体; text-size-adjust: none;&quot;&gt;在位于&lt;/span&gt;&lt;span style=&quot;word-break: break-all; font-family: 宋体; text-size-adjust: none;&quot;&gt;河南省洛阳市&lt;/span&gt;&lt;span style=&quot;word-break: break-all; font-family: 宋体; text-size-adjust: none;&quot;&gt;伊滨区的国家农机装备创新中心小型农业装备实验室，有关人员正在对弥雾机器人开展测试。&lt;/span&gt;&lt;/p&gt;&lt;p style=&quot;word-break: break-all; text-size-adjust: none; text-indent: 2em; text-align: center;&quot;&gt;&lt;span style=&quot;word-break: break-all; font-family: 宋体; text-size-adjust: none;&quot;&gt;&lt;img src=&quot;http://www.hamdc.cn/file/upload/202001/13/101936291.jpg&quot; alt=&quot;&quot; style=&quot;word-break: break-all; font-family: &amp;quot;Microsoft Yahei&amp;quot;, Verdana, Arial, 微软雅黑; text-size-adjust: none; border: 0px;&quot;/&gt;&lt;br/&gt;&lt;/span&gt;&lt;/p&gt;&lt;p style=&quot;word-break: break-all; text-size-adjust: none; text-indent: 2em;&quot;&gt;&lt;span style=&quot;word-break: break-all; font-family: 宋体; text-size-adjust: none;&quot;&gt;该中心新研发产品智能化程度高、功能强大，除施药灭虫外，还具有喷雾防止果树冻花、冻果的作用，广泛运用在各种果园、大棚、大田植保作业。&lt;/span&gt;&lt;span style=&quot;word-break: break-all; font-family: 宋体; text-size-adjust: none;&quot;&gt;国家农机装备创新中心是全国正式批复建设的第12家国家制造业创新中心，也是我省首个国家制造业创新中心。&lt;/span&gt;&lt;span style=&quot;word-break: break-all; font-family: 宋体; text-size-adjust: none;&quot;&gt;&lt;span style=&quot;word-break: break-all; font-family: &amp;quot;Microsoft Yahei&amp;quot;, 微软雅黑; text-size-adjust: none;&quot;&gt;目前中心集聚了多个科研院所和高校的研发力量，在农机装备核心元器件、核心零部件、&lt;/span&gt;农业机器人、智慧农业装备、农机大数据平台等方向取得了阶段性成果。&lt;/span&gt;&lt;span style=&quot;word-break: break-all; font-family: 宋体; text-size-adjust: none;&quot;&gt;&lt;/span&gt;&lt;/p&gt;&lt;/div&gt;&lt;/div&gt;&lt;div class=&quot;show_bnt&quot; style=&quot;word-break: break-all; font-family: &amp;quot;Microsoft Yahei&amp;quot;, Verdana, Arial, 微软雅黑; text-size-adjust: none; text-align: center; clear: both; padding: 10px 0px; height: 60px; width: 690px; margin: 0px auto; color: rgb(51, 51, 51); white-space: normal;&quot;&gt;&lt;/div&gt;&lt;p&gt;&lt;br/&gt;&lt;/p&gt;');
/*!40000 ALTER TABLE `yzn_article_data` ENABLE KEYS */;
UNLOCK TABLES;

--
-- Table structure for table `yzn_attachment`
--

DROP TABLE IF EXISTS `yzn_attachment`;
/*!40101 SET @saved_cs_client     = @@character_set_client */;
/*!40101 SET character_set_client = utf8 */;
CREATE TABLE `yzn_attachment` (
  `id` int(11) unsigned NOT NULL AUTO_INCREMENT,
  `aid` smallint(3) unsigned NOT NULL DEFAULT '0' COMMENT '管理员id',
  `uid` mediumint(8) unsigned NOT NULL DEFAULT '0' COMMENT '用户id',
  `name` varchar(100) COLLATE utf8mb4_unicode_ci NOT NULL DEFAULT '' COMMENT '文件名',
  `module` varchar(15) COLLATE utf8mb4_unicode_ci NOT NULL DEFAULT '' COMMENT '模块名，由哪个模块上传的',
  `path` varchar(255) COLLATE utf8mb4_unicode_ci NOT NULL DEFAULT '' COMMENT '文件路径',
  `thumb` varchar(255) COLLATE utf8mb4_unicode_ci NOT NULL DEFAULT '' COMMENT '缩略图路径',
  `url` varchar(255) COLLATE utf8mb4_unicode_ci NOT NULL DEFAULT '' COMMENT '文件链接',
  `mime` varchar(100) COLLATE utf8mb4_unicode_ci NOT NULL DEFAULT '' COMMENT '文件mime类型',
  `ext` varchar(4) COLLATE utf8mb4_unicode_ci NOT NULL DEFAULT '' COMMENT '文件类型',
  `size` int(11) unsigned NOT NULL DEFAULT '0' COMMENT '文件大小',
  `md5` varchar(32) COLLATE utf8mb4_unicode_ci NOT NULL DEFAULT '' COMMENT '文件md5',
  `sha1` varchar(40) COLLATE utf8mb4_unicode_ci NOT NULL DEFAULT '' COMMENT 'sha1 散列值',
  `driver` varchar(16) COLLATE utf8mb4_unicode_ci NOT NULL DEFAULT 'local' COMMENT '上传驱动',
  `create_time` int(10) unsigned NOT NULL DEFAULT '0' COMMENT '上传时间',
  `update_time` int(10) unsigned NOT NULL DEFAULT '0' COMMENT '更新时间',
  `listorders` int(5) NOT NULL DEFAULT '100' COMMENT '排序',
  `status` tinyint(2) NOT NULL DEFAULT '0' COMMENT '状态',
  PRIMARY KEY (`id`) USING BTREE
) ENGINE=MyISAM AUTO_INCREMENT=29 DEFAULT CHARSET=utf8mb4 COLLATE=utf8mb4_unicode_ci COMMENT='附件表';
/*!40101 SET character_set_client = @saved_cs_client */;

--
-- Dumping data for table `yzn_attachment`
--

LOCK TABLES `yzn_attachment` WRITE;
/*!40000 ALTER TABLE `yzn_attachment` DISABLE KEYS */;
INSERT INTO `yzn_attachment` VALUES (17,1,0,'201812272253336556.jpg','','/uploads/images/20220413/f28528e8ddf4a72d71a2eaf42f50c8be.jpg','','','image/jpeg','jpg',751186,'f28528e8ddf4a72d71a2eaf42f50c8be','7625b0800c650698c31c4650cc9055b728cf0b9f','local',1649825146,1649825146,100,1),(18,1,0,'4032d0581eba00c1c1a552553988d577.jpeg','','/uploads/images/20220413/4032d0581eba00c1c1a552553988d577.jpeg','','','image/jpeg','jpeg',1698463,'4032d0581eba00c1c1a552553988d577','cb407cd8b1ae432de0ed056459d38be6d12ce467','local',1649825938,1649825938,100,1);
/*!40000 ALTER TABLE `yzn_attachment` ENABLE KEYS */;
UNLOCK TABLES;

--
-- Table structure for table `yzn_auth_group`
--

DROP TABLE IF EXISTS `yzn_auth_group`;
/*!40101 SET @saved_cs_client     = @@character_set_client */;
/*!40101 SET character_set_client = utf8 */;
CREATE TABLE `yzn_auth_group` (
  `id` mediumint(8) unsigned NOT NULL AUTO_INCREMENT COMMENT '用户组id,自增主键',
  `parentid` mediumint(8) unsigned NOT NULL DEFAULT '0' COMMENT '父组别',
  `module` varchar(20) COLLATE utf8mb4_unicode_ci NOT NULL COMMENT '用户组所属模块',
  `type` tinyint(4) NOT NULL COMMENT '组类型',
  `title` varchar(20) COLLATE utf8mb4_unicode_ci NOT NULL DEFAULT '' COMMENT '用户组中文名称',
  `description` varchar(80) COLLATE utf8mb4_unicode_ci NOT NULL DEFAULT '' COMMENT '描述信息',
  `rules` varchar(500) COLLATE utf8mb4_unicode_ci NOT NULL DEFAULT '' COMMENT '用户组拥有的规则id，多个规则 , 隔开',
  `status` tinyint(2) NOT NULL DEFAULT '0' COMMENT '状态',
  PRIMARY KEY (`id`) USING BTREE
) ENGINE=MyISAM AUTO_INCREMENT=3 DEFAULT CHARSET=utf8mb4 COLLATE=utf8mb4_unicode_ci COMMENT='权限组表';
/*!40101 SET character_set_client = @saved_cs_client */;

--
-- Dumping data for table `yzn_auth_group`
--

LOCK TABLES `yzn_auth_group` WRITE;
/*!40000 ALTER TABLE `yzn_auth_group` DISABLE KEYS */;
INSERT INTO `yzn_auth_group` VALUES (1,0,'admin',1,'超级管理员','拥有所有权限','*',1),(2,1,'admin',1,'编辑','编辑','',1);
/*!40000 ALTER TABLE `yzn_auth_group` ENABLE KEYS */;
UNLOCK TABLES;

--
-- Table structure for table `yzn_auth_rule`
--

DROP TABLE IF EXISTS `yzn_auth_rule`;
/*!40101 SET @saved_cs_client     = @@character_set_client */;
/*!40101 SET character_set_client = utf8 */;
CREATE TABLE `yzn_auth_rule` (
  `id` mediumint(8) unsigned NOT NULL AUTO_INCREMENT COMMENT '规则id,自增主键',
  `module` varchar(20) COLLATE utf8mb4_unicode_ci NOT NULL COMMENT '规则所属module',
  `type` tinyint(2) NOT NULL DEFAULT '1' COMMENT '1-url;2-主菜单',
  `name` varchar(80) COLLATE utf8mb4_unicode_ci NOT NULL DEFAULT '' COMMENT '规则唯一英文标识',
  `title` varchar(20) COLLATE utf8mb4_unicode_ci NOT NULL DEFAULT '' COMMENT '规则中文描述',
  `condition` varchar(300) COLLATE utf8mb4_unicode_ci NOT NULL DEFAULT '' COMMENT '规则附加条件',
  `status` tinyint(2) NOT NULL DEFAULT '0' COMMENT '状态',
  PRIMARY KEY (`id`) USING BTREE,
  KEY `module` (`module`,`status`,`type`) USING BTREE
) ENGINE=MyISAM DEFAULT CHARSET=utf8mb4 COLLATE=utf8mb4_unicode_ci COMMENT='规则表';
/*!40101 SET character_set_client = @saved_cs_client */;

--
-- Dumping data for table `yzn_auth_rule`
--

LOCK TABLES `yzn_auth_rule` WRITE;
/*!40000 ALTER TABLE `yzn_auth_rule` DISABLE KEYS */;
/*!40000 ALTER TABLE `yzn_auth_rule` ENABLE KEYS */;
UNLOCK TABLES;

--
-- Table structure for table `yzn_cache`
--

DROP TABLE IF EXISTS `yzn_cache`;
/*!40101 SET @saved_cs_client     = @@character_set_client */;
/*!40101 SET character_set_client = utf8 */;
CREATE TABLE `yzn_cache` (
  `id` int(10) NOT NULL AUTO_INCREMENT,
  `key` varchar(100) COLLATE utf8mb4_unicode_ci NOT NULL DEFAULT '' COMMENT '缓存KEY值',
  `name` varchar(100) COLLATE utf8mb4_unicode_ci NOT NULL DEFAULT '' COMMENT '名称',
  `module` varchar(20) COLLATE utf8mb4_unicode_ci NOT NULL DEFAULT '' COMMENT '模块名称',
  `model` varchar(30) COLLATE utf8mb4_unicode_ci NOT NULL DEFAULT '' COMMENT '模型名称',
  `action` varchar(30) COLLATE utf8mb4_unicode_ci NOT NULL DEFAULT '' COMMENT '方法名',
  `system` tinyint(1) NOT NULL DEFAULT '0' COMMENT '是否系统',
  PRIMARY KEY (`id`) USING BTREE,
  KEY `ckey` (`key`) USING BTREE
) ENGINE=MyISAM AUTO_INCREMENT=11 DEFAULT CHARSET=utf8mb4 COLLATE=utf8mb4_unicode_ci COMMENT='缓存列队表';
/*!40101 SET character_set_client = @saved_cs_client */;

--
-- Dumping data for table `yzn_cache`
--

LOCK TABLES `yzn_cache` WRITE;
/*!40000 ALTER TABLE `yzn_cache` DISABLE KEYS */;
INSERT INTO `yzn_cache` VALUES (1,'Config','网站配置','admin','Config','config_cache',1),(2,'Menu','后台菜单','admin','Menu','menu_cache',1),(3,'Module','可用模块列表','admin','Module','module_cache',1),(4,'Model','模型列表','admin','Models','model_cache',1),(5,'ModelField','模型字段','admin','ModelField','model_field_cache',1),(6,'Member_Config','会员配置','member','Member','member_cache',0),(7,'Member_Group','会员组','member','MemberGroup','membergroup_cache',0),(8,'Category','栏目索引','cms','Category','category_cache',0),(9,'Cms_Config','CMS配置','cms','Cms','cms_cache',0),(10,'Model_form','自定义表单模型','formguide','Formguide','formguide_cache',0);
/*!40000 ALTER TABLE `yzn_cache` ENABLE KEYS */;
UNLOCK TABLES;

--
-- Table structure for table `yzn_category`
--

DROP TABLE IF EXISTS `yzn_category`;
/*!40101 SET @saved_cs_client     = @@character_set_client */;
/*!40101 SET character_set_client = utf8 */;
CREATE TABLE `yzn_category` (
  `id` smallint(5) unsigned NOT NULL AUTO_INCREMENT COMMENT '栏目ID',
  `catname` varchar(30) COLLATE utf8mb4_unicode_ci NOT NULL DEFAULT '' COMMENT '栏目名称',
  `catdir` varchar(30) COLLATE utf8mb4_unicode_ci NOT NULL DEFAULT '' COMMENT '唯一标识',
  `type` tinyint(1) unsigned NOT NULL DEFAULT '0' COMMENT '类别',
  `modelid` smallint(5) unsigned NOT NULL DEFAULT '0' COMMENT '模型ID',
  `parentid` smallint(5) unsigned NOT NULL DEFAULT '0' COMMENT '父ID',
  `arrparentid` varchar(255) COLLATE utf8mb4_unicode_ci NOT NULL DEFAULT '' COMMENT '所有父ID',
  `arrchildid` mediumtext COLLATE utf8mb4_unicode_ci COMMENT '所有子栏目ID',
  `child` tinyint(1) unsigned NOT NULL DEFAULT '0' COMMENT '是否存在子栏目，1存在',
  `image` varchar(255) COLLATE utf8mb4_unicode_ci NOT NULL DEFAULT '' COMMENT '栏目图片',
  `icon` varchar(255) COLLATE utf8mb4_unicode_ci NOT NULL DEFAULT '' COMMENT '栏目图标',
  `description` mediumtext COLLATE utf8mb4_unicode_ci NOT NULL COMMENT '栏目描述',
  `url` varchar(100) COLLATE utf8mb4_unicode_ci NOT NULL DEFAULT '' COMMENT '链接地址',
  `items` mediumint(8) unsigned NOT NULL DEFAULT '0' COMMENT '文档数量',
  `setting` text COLLATE utf8mb4_unicode_ci COMMENT '相关配置信息',
  `listorder` smallint(5) unsigned NOT NULL DEFAULT '0' COMMENT '排序',
  `status` tinyint(2) NOT NULL DEFAULT '0' COMMENT '状态',
  PRIMARY KEY (`id`) USING BTREE,
  UNIQUE KEY `catdir` (`catdir`) USING BTREE,
  KEY `parentid` (`parentid`) USING BTREE
) ENGINE=MyISAM AUTO_INCREMENT=52 DEFAULT CHARSET=utf8mb4 COLLATE=utf8mb4_unicode_ci COMMENT='栏目表';
/*!40101 SET character_set_client = @saved_cs_client */;

--
-- Dumping data for table `yzn_category`
--

LOCK TABLES `yzn_category` WRITE;
/*!40000 ALTER TABLE `yzn_category` DISABLE KEYS */;
INSERT INTO `yzn_category` VALUES (51,'国家专利','guojiazhuanli',2,1,31,'0,31','51',0,'','','','',0,'a:6:{s:10:\"meta_title\";s:0:\"\";s:13:\"meta_keywords\";s:0:\"\";s:16:\"meta_description\";s:0:\"\";s:17:\"category_template\";s:13:\"category.html\";s:13:\"list_template\";s:9:\"list.html\";s:13:\"show_template\";s:9:\"show.html\";}',100,1),(46,'机器视觉','jiqishijue',2,1,29,'0,29','46',0,'','','','',0,'a:6:{s:10:\"meta_title\";s:0:\"\";s:13:\"meta_keywords\";s:0:\"\";s:16:\"meta_description\";s:0:\"\";s:17:\"category_template\";s:13:\"category.html\";s:13:\"list_template\";s:9:\"list.html\";s:13:\"show_template\";s:9:\"show.html\";}',100,1),(22,'首页Banner','shouyeBanner',2,1,0,'0','22',0,'','','','',2,'a:6:{s:10:\"meta_title\";s:0:\"\";s:13:\"meta_keywords\";s:0:\"\";s:16:\"meta_description\";s:0:\"\";s:17:\"category_template\";s:13:\"category.html\";s:13:\"list_template\";s:9:\"list.html\";s:13:\"show_template\";s:9:\"show.html\";}',100,0),(23,'新闻中心','xinwenzhongxin',2,1,0,'0','23,24,25',1,'','','','',0,'a:6:{s:10:\"meta_title\";s:0:\"\";s:13:\"meta_keywords\";s:0:\"\";s:16:\"meta_description\";s:0:\"\";s:17:\"category_template\";s:13:\"category.html\";s:13:\"list_template\";s:9:\"list.html\";s:13:\"show_template\";s:9:\"show.html\";}',100,0),(24,'新闻动态','xinwendongtai',2,1,23,'0,23','24',0,'','','','',1,'a:6:{s:10:\"meta_title\";s:0:\"\";s:13:\"meta_keywords\";s:0:\"\";s:16:\"meta_description\";s:0:\"\";s:17:\"category_template\";s:13:\"category.html\";s:13:\"list_template\";s:9:\"list.html\";s:13:\"show_template\";s:9:\"show.html\";}',100,1),(26,'实验室介绍','shiyanshijieshaoj2c',1,0,0,'0','26,27,28,49,50,45',1,'','','','',0,'a:4:{s:10:\"meta_title\";s:0:\"\";s:13:\"meta_keywords\";s:0:\"\";s:16:\"meta_description\";s:0:\"\";s:13:\"page_template\";s:9:\"page.html\";}',101,1),(29,'研究领域','yanjiulingyu',2,1,0,'0','29,46,30',1,'','','','',0,'a:6:{s:10:\"meta_title\";s:0:\"\";s:13:\"meta_keywords\";s:0:\"\";s:16:\"meta_description\";s:0:\"\";s:17:\"category_template\";s:13:\"category.html\";s:13:\"list_template\";s:9:\"list.html\";s:13:\"show_template\";s:9:\"show.html\";}',100,1),(30,'现代农机','xiandainongji',2,1,29,'0,29','30',0,'','','','',0,'a:6:{s:10:\"meta_title\";s:0:\"\";s:13:\"meta_keywords\";s:0:\"\";s:16:\"meta_description\";s:0:\"\";s:17:\"category_template\";s:13:\"category.html\";s:13:\"list_template\";s:9:\"list.html\";s:13:\"show_template\";s:9:\"show.html\";}',100,1),(31,'研究成果','yanjiuchengguo',2,1,0,'0','31,51,32,33,34',1,'','','','',0,'a:6:{s:10:\"meta_title\";s:0:\"\";s:13:\"meta_keywords\";s:0:\"\";s:16:\"meta_description\";s:0:\"\";s:17:\"category_template\";s:13:\"category.html\";s:13:\"list_template\";s:9:\"list.html\";s:13:\"show_template\";s:9:\"show.html\";}',100,1),(32,'学科竞赛','xuekejingsai',2,1,31,'0,31','32',0,'','','','',0,'a:6:{s:10:\"meta_title\";s:0:\"\";s:13:\"meta_keywords\";s:0:\"\";s:16:\"meta_description\";s:0:\"\";s:17:\"category_template\";s:13:\"category.html\";s:13:\"list_template\";s:9:\"list.html\";s:13:\"show_template\";s:9:\"show.html\";}',100,1),(33,'研究项目','yanjiuxiangmu',2,1,31,'0,31','33',0,'','','','',0,'a:6:{s:10:\"meta_title\";s:0:\"\";s:13:\"meta_keywords\";s:0:\"\";s:16:\"meta_description\";s:0:\"\";s:17:\"category_template\";s:13:\"category.html\";s:13:\"list_template\";s:9:\"list.html\";s:13:\"show_template\";s:9:\"show.html\";}',100,1),(34,'发表论文','fabiaolunwen',2,1,31,'0,31','34',0,'','','','',0,'a:6:{s:10:\"meta_title\";s:0:\"\";s:13:\"meta_keywords\";s:0:\"\";s:16:\"meta_description\";s:0:\"\";s:17:\"category_template\";s:13:\"category.html\";s:13:\"list_template\";s:9:\"list.html\";s:13:\"show_template\";s:9:\"show.html\";}',100,1),(35,'人员培养','renyuanpeiyang',2,1,0,'0','35,36,37',1,'','','','',0,'a:6:{s:10:\"meta_title\";s:0:\"\";s:13:\"meta_keywords\";s:0:\"\";s:16:\"meta_description\";s:0:\"\";s:17:\"category_template\";s:13:\"category.html\";s:13:\"list_template\";s:9:\"list.html\";s:13:\"show_template\";s:9:\"show.html\";}',100,1),(38,'开放交流','kaifangjiaoliu',2,1,0,'0','38,39,44',1,'','','','',0,'a:6:{s:10:\"meta_title\";s:0:\"\";s:13:\"meta_keywords\";s:0:\"\";s:16:\"meta_description\";s:0:\"\";s:17:\"category_template\";s:13:\"category.html\";s:13:\"list_template\";s:9:\"list.html\";s:13:\"show_template\";s:9:\"show.html\";}',100,1),(41,'实验管理','shiyanguanli',2,1,0,'0','41,43',1,'','','','',0,'a:6:{s:10:\"meta_title\";s:0:\"\";s:13:\"meta_keywords\";s:0:\"\";s:16:\"meta_description\";s:0:\"\";s:17:\"category_template\";s:13:\"category.html\";s:13:\"list_template\";s:9:\"list.html\";s:13:\"show_template\";s:9:\"show.html\";}',100,0),(43,'实验设备','shiyanshebei',2,1,41,'0,41','43',0,'','','','',0,'a:6:{s:10:\"meta_title\";s:0:\"\";s:13:\"meta_keywords\";s:0:\"\";s:16:\"meta_description\";s:0:\"\";s:17:\"category_template\";s:13:\"category.html\";s:13:\"list_template\";s:9:\"list.html\";s:13:\"show_template\";s:9:\"show.html\";}',100,0),(44,'合作交流','hezuojiaoliu',2,2,38,'0,38','44',0,'','','','',0,'a:6:{s:10:\"meta_title\";s:0:\"\";s:13:\"meta_keywords\";s:0:\"\";s:16:\"meta_description\";s:0:\"\";s:17:\"category_template\";s:21:\"category_picture.html\";s:13:\"list_template\";s:17:\"list_picture.html\";s:13:\"show_template\";s:17:\"show_picture.html\";}',100,1);
/*!40000 ALTER TABLE `yzn_category` ENABLE KEYS */;
UNLOCK TABLES;

--
-- Table structure for table `yzn_category_priv`
--

DROP TABLE IF EXISTS `yzn_category_priv`;
/*!40101 SET @saved_cs_client     = @@character_set_client */;
/*!40101 SET character_set_client = utf8 */;
CREATE TABLE `yzn_category_priv` (
  `catid` smallint(5) unsigned NOT NULL DEFAULT '0',
  `roleid` smallint(5) unsigned NOT NULL DEFAULT '0' COMMENT '角色或者组ID',
  `is_admin` tinyint(1) unsigned NOT NULL DEFAULT '0' COMMENT '是否为管理员 1、管理员',
  `action` varchar(30) COLLATE utf8mb4_unicode_ci NOT NULL DEFAULT '' COMMENT '动作',
  KEY `catid` (`catid`,`roleid`,`is_admin`,`action`) USING BTREE
) ENGINE=MyISAM DEFAULT CHARSET=utf8mb4 COLLATE=utf8mb4_unicode_ci COMMENT='栏目权限表';
/*!40101 SET character_set_client = @saved_cs_client */;

--
-- Dumping data for table `yzn_category_priv`
--

LOCK TABLES `yzn_category_priv` WRITE;
/*!40000 ALTER TABLE `yzn_category_priv` DISABLE KEYS */;
/*!40000 ALTER TABLE `yzn_category_priv` ENABLE KEYS */;
UNLOCK TABLES;

--
-- Table structure for table `yzn_config`
--

DROP TABLE IF EXISTS `yzn_config`;
/*!40101 SET @saved_cs_client     = @@character_set_client */;
/*!40101 SET character_set_client = utf8 */;
CREATE TABLE `yzn_config` (
  `id` int(10) unsigned NOT NULL AUTO_INCREMENT COMMENT '配置ID',
  `name` varchar(30) COLLATE utf8mb4_unicode_ci NOT NULL DEFAULT '' COMMENT '配置名称',
  `type` varchar(32) COLLATE utf8mb4_unicode_ci NOT NULL DEFAULT '' COMMENT '配置类型',
  `title` varchar(50) COLLATE utf8mb4_unicode_ci NOT NULL DEFAULT '' COMMENT '配置说明',
  `group` varchar(32) COLLATE utf8mb4_unicode_ci NOT NULL DEFAULT '' COMMENT '配置分组',
  `options` varchar(255) COLLATE utf8mb4_unicode_ci NOT NULL DEFAULT '' COMMENT '配置项',
  `remark` varchar(100) COLLATE utf8mb4_unicode_ci NOT NULL DEFAULT '' COMMENT '配置说明',
  `create_time` int(10) unsigned NOT NULL DEFAULT '0' COMMENT '创建时间',
  `update_time` int(10) unsigned NOT NULL DEFAULT '0' COMMENT '更新时间',
  `status` tinyint(2) NOT NULL DEFAULT '0' COMMENT '状态',
  `value` text COLLATE utf8mb4_unicode_ci COMMENT '配置值',
  `listorder` smallint(3) unsigned NOT NULL DEFAULT '0' COMMENT '排序',
  PRIMARY KEY (`id`) USING BTREE,
  UNIQUE KEY `uk_name` (`name`) USING BTREE,
  KEY `type` (`type`) USING BTREE,
  KEY `group` (`group`) USING BTREE
) ENGINE=MyISAM AUTO_INCREMENT=19 DEFAULT CHARSET=utf8mb4 COLLATE=utf8mb4_unicode_ci COMMENT='网站配置';
/*!40101 SET character_set_client = @saved_cs_client */;

--
-- Dumping data for table `yzn_config`
--

LOCK TABLES `yzn_config` WRITE;
/*!40000 ALTER TABLE `yzn_config` DISABLE KEYS */;
INSERT INTO `yzn_config` VALUES (1,'web_site_icp','text','备案信息','base','','',1551244923,1551244971,1,'XX备案',1),(2,'web_site_statistics','textarea','站点代码','base','','',1551244957,1551244957,1,'',100),(3,'config_group','array','配置分组','system','','',1494408414,1494408414,1,'{\"base\":\"基础\",\"system\":\"系统\",\"upload\":\"上传\",\"develop\":\"开发\"}',0),(4,'theme','text','主题风格','system','','',1541752781,1541756888,1,'default',1),(5,'admin_forbid_ip','textarea','后台禁止访问IP','system','','匹配IP段用\"*\"占位，如192.168.*.*，多个IP地址请用英文逗号\",\"分割',1551244957,1551244957,1,'',2),(6,'upload_image_size','text','图片上传大小限制','upload','','0为不限制大小，单位：kb',1540457656,1552436075,1,'0',2),(7,'upload_image_ext','text','允许上传图片后缀','upload','','多个后缀用逗号隔开，不填写则不限制类型',1540457657,1552436074,1,'gif,jpg,jpeg,bmp,png',1),(8,'upload_file_size','text','文件上传大小限制','upload','','0为不限制大小，单位：kb',1540457658,1552436078,1,'0',3),(9,'upload_file_ext','text','允许上传文件后缀','upload','','多个后缀用逗号隔开，不填写则不限制类型',1540457659,1552436080,1,'doc,docx,xls,xlsx,ppt,pptx,pdf,wps,txt,rar,zip,gz,bz2,7z',4),(10,'upload_driver','radio','上传驱动','upload','local:本地\r\nalioss:阿里云\r\nqiniu:七牛云','图片或文件上传驱动',1541752781,1552436085,1,'local',9),(11,'upload_thumb_water','switch','添加水印','upload','','',1552435063,1552436080,1,'0',5),(12,'upload_thumb_water_pic','image','水印图片','upload','','只有开启水印功能才生效',1552435183,1552436081,1,'',6),(13,'upload_thumb_water_position','radio','水印位置','upload','1:左上角\r\n2:上居中\r\n3:右上角\r\n4:左居中\r\n5:居中\r\n6:右居中\r\n7:左下角\r\n8:下居中\r\n9:右下角','只有开启水印功能才生效',1552435257,1552436082,1,'9',7),(14,'upload_thumb_water_alpha','text','水印透明度','upload','','请输入0~100之间的数字，数字越小，透明度越高',1552435299,1552436083,1,'50',8),(15,'web_site_logo','image','Logo','base','','',1649723258,1649723258,1,'',100),(18,'web_site_image','image','内容页顶部图','base','','',1649829638,1649829638,1,'/uploads/images/20220413/ac048a37f2291669e017ce47e9af6de7.jpg',100),(16,'web_site_copy','text','版权','base','','',1649749510,1649749510,1,'版权所有©现代农业机器人实验室',100),(17,'web_site_address','text','地址','base','','',1649749626,1649749626,1,'地址：XXXXXXXXXX 电话：000-00000000  邮编：000000',100);
/*!40000 ALTER TABLE `yzn_config` ENABLE KEYS */;
UNLOCK TABLES;

--
-- Table structure for table `yzn_download`
--

DROP TABLE IF EXISTS `yzn_download`;
/*!40101 SET @saved_cs_client     = @@character_set_client */;
/*!40101 SET character_set_client = utf8 */;
CREATE TABLE `yzn_download` (
  `id` mediumint(8) unsigned NOT NULL AUTO_INCREMENT COMMENT '文档ID',
  `catid` smallint(5) unsigned NOT NULL DEFAULT '0' COMMENT '栏目ID',
  `title` varchar(255) CHARACTER SET utf8 COLLATE utf8_unicode_ci NOT NULL DEFAULT '' COMMENT '标题',
  `thumb` varchar(255) COLLATE utf8mb4_unicode_ci NOT NULL DEFAULT '' COMMENT '缩略图',
  `flag` varchar(32) CHARACTER SET utf8 COLLATE utf8_unicode_ci NOT NULL DEFAULT '' COMMENT '属性',
  `keywords` varchar(255) CHARACTER SET utf8 COLLATE utf8_unicode_ci NOT NULL DEFAULT '' COMMENT 'SEO关键词',
  `description` varchar(255) CHARACTER SET utf8 COLLATE utf8_unicode_ci NOT NULL DEFAULT '' COMMENT 'SEO描述',
  `tags` varchar(255) CHARACTER SET utf8 COLLATE utf8_unicode_ci NOT NULL DEFAULT '' COMMENT 'Tags标签',
  `listorder` smallint(5) unsigned NOT NULL DEFAULT '100' COMMENT '排序',
  `uid` mediumint(8) unsigned NOT NULL DEFAULT '0' COMMENT '用户id',
  `username` varchar(20) CHARACTER SET utf8 COLLATE utf8_unicode_ci NOT NULL COMMENT '用户名',
  `sysadd` tinyint(1) unsigned NOT NULL DEFAULT '0' COMMENT '是否后台添加',
  `hits` mediumint(8) unsigned DEFAULT '0' COMMENT '点击量',
  `inputtime` int(10) unsigned NOT NULL DEFAULT '0' COMMENT '创建时间',
  `updatetime` int(10) unsigned NOT NULL DEFAULT '0' COMMENT '更新时间',
  `url` varchar(100) COLLATE utf8mb4_unicode_ci NOT NULL DEFAULT '' COMMENT '链接地址',
  `status` tinyint(2) NOT NULL DEFAULT '0' COMMENT '状态',
  PRIMARY KEY (`id`) USING BTREE,
  KEY `status` (`catid`,`status`) USING BTREE
) ENGINE=MyISAM DEFAULT CHARSET=utf8mb4 COLLATE=utf8mb4_unicode_ci COMMENT='下载模型模型表';
/*!40101 SET character_set_client = @saved_cs_client */;

--
-- Dumping data for table `yzn_download`
--

LOCK TABLES `yzn_download` WRITE;
/*!40000 ALTER TABLE `yzn_download` DISABLE KEYS */;
/*!40000 ALTER TABLE `yzn_download` ENABLE KEYS */;
UNLOCK TABLES;

--
-- Table structure for table `yzn_download_data`
--

DROP TABLE IF EXISTS `yzn_download_data`;
/*!40101 SET @saved_cs_client     = @@character_set_client */;
/*!40101 SET character_set_client = utf8 */;
CREATE TABLE `yzn_download_data` (
  `did` mediumint(8) unsigned NOT NULL DEFAULT '0',
  `content` mediumtext CHARACTER SET utf8 COLLATE utf8_unicode_ci COMMENT '内容',
  PRIMARY KEY (`did`) USING BTREE
) ENGINE=MyISAM DEFAULT CHARSET=utf8mb4 COLLATE=utf8mb4_unicode_ci COMMENT='下载模型模型表';
/*!40101 SET character_set_client = @saved_cs_client */;

--
-- Dumping data for table `yzn_download_data`
--

LOCK TABLES `yzn_download_data` WRITE;
/*!40000 ALTER TABLE `yzn_download_data` DISABLE KEYS */;
/*!40000 ALTER TABLE `yzn_download_data` ENABLE KEYS */;
UNLOCK TABLES;

--
-- Table structure for table `yzn_ems`
--

DROP TABLE IF EXISTS `yzn_ems`;
/*!40101 SET @saved_cs_client     = @@character_set_client */;
/*!40101 SET character_set_client = utf8 */;
CREATE TABLE `yzn_ems` (
  `id` int(10) unsigned NOT NULL AUTO_INCREMENT COMMENT 'ID',
  `event` varchar(30) COLLATE utf8mb4_unicode_ci NOT NULL DEFAULT '' COMMENT '事件',
  `email` varchar(100) COLLATE utf8mb4_unicode_ci NOT NULL DEFAULT '' COMMENT '邮箱',
  `code` varchar(10) COLLATE utf8mb4_unicode_ci NOT NULL DEFAULT '' COMMENT '验证码',
  `times` int(10) unsigned NOT NULL DEFAULT '0' COMMENT '验证次数',
  `ip` varchar(15) COLLATE utf8mb4_unicode_ci NOT NULL DEFAULT '' COMMENT '操作IP',
  `create_time` int(10) unsigned DEFAULT '0' COMMENT '创建时间',
  PRIMARY KEY (`id`) USING BTREE
) ENGINE=MyISAM DEFAULT CHARSET=utf8mb4 COLLATE=utf8mb4_unicode_ci COMMENT='邮箱验证码表';
/*!40101 SET character_set_client = @saved_cs_client */;

--
-- Dumping data for table `yzn_ems`
--

LOCK TABLES `yzn_ems` WRITE;
/*!40000 ALTER TABLE `yzn_ems` DISABLE KEYS */;
/*!40000 ALTER TABLE `yzn_ems` ENABLE KEYS */;
UNLOCK TABLES;

--
-- Table structure for table `yzn_field_type`
--

DROP TABLE IF EXISTS `yzn_field_type`;
/*!40101 SET @saved_cs_client     = @@character_set_client */;
/*!40101 SET character_set_client = utf8 */;
CREATE TABLE `yzn_field_type` (
  `name` varchar(32) COLLATE utf8mb4_unicode_ci NOT NULL COMMENT '字段类型',
  `title` varchar(64) COLLATE utf8mb4_unicode_ci NOT NULL DEFAULT '' COMMENT '中文类型名',
  `listorder` int(4) NOT NULL DEFAULT '0' COMMENT '排序',
  `default_define` varchar(128) COLLATE utf8mb4_unicode_ci NOT NULL DEFAULT '' COMMENT '默认定义',
  `ifoption` tinyint(1) unsigned NOT NULL DEFAULT '0' COMMENT '是否需要设置选项',
  `ifstring` tinyint(1) unsigned NOT NULL DEFAULT '0' COMMENT '是否自由字符',
  PRIMARY KEY (`name`) USING BTREE,
  UNIQUE KEY `name` (`name`) USING BTREE
) ENGINE=MyISAM DEFAULT CHARSET=utf8mb4 COLLATE=utf8mb4_unicode_ci COMMENT='字段类型表';
/*!40101 SET character_set_client = @saved_cs_client */;

--
-- Dumping data for table `yzn_field_type`
--

LOCK TABLES `yzn_field_type` WRITE;
/*!40000 ALTER TABLE `yzn_field_type` DISABLE KEYS */;
INSERT INTO `yzn_field_type` VALUES ('text','输入框',1,'varchar(255) NOT NULL',0,1),('checkbox','复选框',2,'varchar(32) NOT NULL',1,0),('textarea','多行文本',3,'varchar(255) NOT NULL',0,1),('password','密码',4,'varchar(255) NOT NULL',0,1),('radio','单选按钮',5,'char(10) NOT NULL',1,0),('switch','开关',6,'tinyint(2) UNSIGNED NOT NULL',0,0),('array','数组',7,'varchar(512) NOT NULL',0,0),('select','下拉框',8,'char(10) NOT NULL',1,0),('selects','下拉框(多选)',9,'varchar(32) NOT NULL',1,0),('selectpage','高级下拉框',10,'varchar(32) NOT NULL',1,0),('image','单张图',11,'varchar(255) NOT NULL',0,0),('images','多张图',12,'text NOT NULL',0,0),('tags','标签',13,'varchar(255) NOT NULL',0,1),('number','数字',14,'int(10) UNSIGNED NOT NULL',0,0),('datetime','日期和时间',15,'int(10) UNSIGNED NOT NULL',0,0),('Ueditor','百度编辑器',16,'mediumtext NOT NULL',0,1),('markdown','markdown编辑器',17,'mediumtext NOT NULL',0,1),('files','多文件',18,'text NOT NULL',0,0),('file','单文件',19,'varchar(255) NOT NULL',0,0),('color','颜色值',20,'varchar(7) NOT NULL',0,0),('city','城市地区',21,'varchar(255) NOT NULL',0,0),('custom','自定义',22,'text NOT NULL',1,0);
/*!40000 ALTER TABLE `yzn_field_type` ENABLE KEYS */;
UNLOCK TABLES;

--
-- Table structure for table `yzn_jobs`
--

DROP TABLE IF EXISTS `yzn_jobs`;
/*!40101 SET @saved_cs_client     = @@character_set_client */;
/*!40101 SET character_set_client = utf8 */;
CREATE TABLE `yzn_jobs` (
  `id` int(11) NOT NULL AUTO_INCREMENT,
  `queue` varchar(255) COLLATE utf8mb4_unicode_ci NOT NULL,
  `payload` longtext COLLATE utf8mb4_unicode_ci NOT NULL,
  `attempts` tinyint(3) unsigned NOT NULL,
  `reserved` tinyint(3) unsigned NOT NULL,
  `reserved_at` int(10) unsigned DEFAULT NULL,
  `available_at` int(10) unsigned NOT NULL,
  `created_at` int(10) unsigned NOT NULL,
  PRIMARY KEY (`id`) USING BTREE
) ENGINE=MyISAM DEFAULT CHARSET=utf8mb4 COLLATE=utf8mb4_unicode_ci COMMENT='消息队列';
/*!40101 SET character_set_client = @saved_cs_client */;

--
-- Dumping data for table `yzn_jobs`
--

LOCK TABLES `yzn_jobs` WRITE;
/*!40000 ALTER TABLE `yzn_jobs` DISABLE KEYS */;
/*!40000 ALTER TABLE `yzn_jobs` ENABLE KEYS */;
UNLOCK TABLES;

--
-- Table structure for table `yzn_links`
--

DROP TABLE IF EXISTS `yzn_links`;
/*!40101 SET @saved_cs_client     = @@character_set_client */;
/*!40101 SET character_set_client = utf8 */;
CREATE TABLE `yzn_links` (
  `id` smallint(5) unsigned NOT NULL AUTO_INCREMENT COMMENT '链接id',
  `linktype` tinyint(1) unsigned NOT NULL DEFAULT '0' COMMENT '0:文字链接,1:logo链接',
  `url` varchar(255) COLLATE utf8mb4_unicode_ci NOT NULL DEFAULT '' COMMENT '链接地址',
  `name` varchar(255) COLLATE utf8mb4_unicode_ci NOT NULL DEFAULT '' COMMENT '链接名称',
  `image` varchar(255) COLLATE utf8mb4_unicode_ci NOT NULL DEFAULT '' COMMENT '链接图片',
  `target` varchar(25) COLLATE utf8mb4_unicode_ci NOT NULL DEFAULT '' COMMENT '链接打开方式',
  `description` varchar(255) COLLATE utf8mb4_unicode_ci NOT NULL DEFAULT '' COMMENT '链接描述',
  `inputtime` int(11) NOT NULL COMMENT '添加时间',
  `listorder` smallint(5) unsigned NOT NULL DEFAULT '0' COMMENT '排序',
  `termsid` smallint(4) NOT NULL COMMENT '分类id',
  `status` tinyint(1) unsigned NOT NULL DEFAULT '0' COMMENT '0未通过,1正常,2未审核',
  PRIMARY KEY (`id`) USING BTREE
) ENGINE=MyISAM DEFAULT CHARSET=utf8mb4 COLLATE=utf8mb4_unicode_ci COMMENT='友情链接';
/*!40101 SET character_set_client = @saved_cs_client */;

--
-- Dumping data for table `yzn_links`
--

LOCK TABLES `yzn_links` WRITE;
/*!40000 ALTER TABLE `yzn_links` DISABLE KEYS */;
/*!40000 ALTER TABLE `yzn_links` ENABLE KEYS */;
UNLOCK TABLES;

--
-- Table structure for table `yzn_member`
--

DROP TABLE IF EXISTS `yzn_member`;
/*!40101 SET @saved_cs_client     = @@character_set_client */;
/*!40101 SET character_set_client = utf8 */;
CREATE TABLE `yzn_member` (
  `id` int(11) unsigned NOT NULL AUTO_INCREMENT COMMENT '用户ID',
  `username` varchar(16) COLLATE utf8mb4_unicode_ci NOT NULL COMMENT '用户名',
  `nickname` varchar(16) COLLATE utf8mb4_unicode_ci NOT NULL DEFAULT '' COMMENT '昵称',
  `password` varchar(32) COLLATE utf8mb4_unicode_ci NOT NULL COMMENT '密码',
  `encrypt` varchar(6) COLLATE utf8mb4_unicode_ci DEFAULT NULL COMMENT '加密因子',
  `point` mediumint(8) NOT NULL DEFAULT '0' COMMENT '用户积分',
  `amount` decimal(8,2) unsigned NOT NULL DEFAULT '0.00' COMMENT '钱金总额',
  `login` int(10) unsigned NOT NULL DEFAULT '0' COMMENT '登录次数',
  `email` varchar(32) COLLATE utf8mb4_unicode_ci NOT NULL DEFAULT '' COMMENT '电子邮箱',
  `mobile` varchar(11) COLLATE utf8mb4_unicode_ci NOT NULL DEFAULT '' COMMENT '手机号',
  `avatar` varchar(255) COLLATE utf8mb4_unicode_ci NOT NULL DEFAULT '' COMMENT '头像',
  `groupid` tinyint(3) unsigned NOT NULL DEFAULT '0' COMMENT '用户组ID',
  `modelid` smallint(5) unsigned NOT NULL DEFAULT '0' COMMENT '用户模型ID',
  `vip` tinyint(1) unsigned NOT NULL DEFAULT '0' COMMENT 'VIP会员',
  `overduedate` int(10) unsigned NOT NULL DEFAULT '0' COMMENT '过期时间',
  `reg_ip` varchar(15) COLLATE utf8mb4_unicode_ci NOT NULL DEFAULT '' COMMENT '注册IP',
  `reg_time` int(10) unsigned NOT NULL DEFAULT '0' COMMENT '注册时间',
  `last_login_ip` varchar(15) COLLATE utf8mb4_unicode_ci NOT NULL DEFAULT '' COMMENT '最后登录IP',
  `last_login_time` int(10) unsigned NOT NULL DEFAULT '0' COMMENT '最后登录时间',
  `ischeck_email` tinyint(1) NOT NULL DEFAULT '0' COMMENT '是否验证过邮箱',
  `ischeck_mobile` tinyint(1) NOT NULL DEFAULT '0' COMMENT '是否验证过手机',
  `token` varchar(50) COLLATE utf8mb4_unicode_ci DEFAULT '' COMMENT 'Token',
  `status` tinyint(2) NOT NULL DEFAULT '0' COMMENT '状态',
  PRIMARY KEY (`id`) USING BTREE,
  UNIQUE KEY `username` (`username`) USING BTREE,
  KEY `email` (`email`) USING BTREE,
  KEY `mobile` (`mobile`) USING BTREE
) ENGINE=MyISAM DEFAULT CHARSET=utf8mb4 COLLATE=utf8mb4_unicode_ci COMMENT='会员表';
/*!40101 SET character_set_client = @saved_cs_client */;

--
-- Dumping data for table `yzn_member`
--

LOCK TABLES `yzn_member` WRITE;
/*!40000 ALTER TABLE `yzn_member` DISABLE KEYS */;
/*!40000 ALTER TABLE `yzn_member` ENABLE KEYS */;
UNLOCK TABLES;

--
-- Table structure for table `yzn_member_content`
--

DROP TABLE IF EXISTS `yzn_member_content`;
/*!40101 SET @saved_cs_client     = @@character_set_client */;
/*!40101 SET character_set_client = utf8 */;
CREATE TABLE `yzn_member_content` (
  `id` int(10) NOT NULL AUTO_INCREMENT,
  `catid` smallint(5) NOT NULL COMMENT '栏目ID',
  `content_id` int(10) NOT NULL COMMENT '信息ID',
  `uid` mediumint(8) NOT NULL COMMENT '会员ID',
  `username` varchar(16) COLLATE utf8mb4_unicode_ci NOT NULL COMMENT '用户名',
  `create_time` int(10) NOT NULL COMMENT '添加时间',
  `status` tinyint(2) NOT NULL DEFAULT '0' COMMENT '状态',
  PRIMARY KEY (`id`) USING BTREE,
  KEY `uid` (`catid`,`content_id`,`status`) USING BTREE
) ENGINE=MyISAM DEFAULT CHARSET=utf8mb4 COLLATE=utf8mb4_unicode_ci COMMENT='会员投稿信息记录表';
/*!40101 SET character_set_client = @saved_cs_client */;

--
-- Dumping data for table `yzn_member_content`
--

LOCK TABLES `yzn_member_content` WRITE;
/*!40000 ALTER TABLE `yzn_member_content` DISABLE KEYS */;
/*!40000 ALTER TABLE `yzn_member_content` ENABLE KEYS */;
UNLOCK TABLES;

--
-- Table structure for table `yzn_member_group`
--

DROP TABLE IF EXISTS `yzn_member_group`;
/*!40101 SET @saved_cs_client     = @@character_set_client */;
/*!40101 SET character_set_client = utf8 */;
CREATE TABLE `yzn_member_group` (
  `id` tinyint(3) unsigned NOT NULL AUTO_INCREMENT COMMENT '会员组id',
  `name` varchar(15) COLLATE utf8mb4_unicode_ci NOT NULL COMMENT '用户组名称',
  `issystem` tinyint(1) unsigned NOT NULL DEFAULT '0' COMMENT '是否是系统组',
  `starnum` tinyint(2) unsigned NOT NULL COMMENT '会员组星星数',
  `point` smallint(6) unsigned NOT NULL COMMENT '积分范围',
  `allowmessage` smallint(5) unsigned NOT NULL DEFAULT '0' COMMENT '许允发短消息数量',
  `allowvisit` tinyint(1) unsigned NOT NULL DEFAULT '0' COMMENT '是否允许访问',
  `allowpost` tinyint(1) unsigned NOT NULL DEFAULT '0' COMMENT '是否允许发稿',
  `allowpostverify` tinyint(1) unsigned NOT NULL DEFAULT '0' COMMENT '是否投稿不需审核',
  `allowsearch` tinyint(1) unsigned NOT NULL DEFAULT '0' COMMENT '是否允许搜索',
  `allowupgrade` tinyint(1) unsigned NOT NULL DEFAULT '0' COMMENT '是否允许自主升级',
  `allowsendmessage` tinyint(1) unsigned NOT NULL DEFAULT '0' COMMENT '允许发送短消息',
  `allowpostnum` smallint(5) unsigned NOT NULL DEFAULT '0' COMMENT '每天允许发文章数',
  `allowattachment` tinyint(1) unsigned NOT NULL DEFAULT '0' COMMENT '是否允许上传附件',
  `price_y` decimal(8,2) unsigned NOT NULL DEFAULT '0.00',
  `price_m` decimal(8,2) unsigned NOT NULL DEFAULT '0.00',
  `price_d` decimal(8,2) unsigned NOT NULL DEFAULT '0.00',
  `icon` varchar(255) COLLATE utf8mb4_unicode_ci NOT NULL DEFAULT '' COMMENT '用户组图标',
  `usernamecolor` varchar(7) COLLATE utf8mb4_unicode_ci NOT NULL DEFAULT '' COMMENT '用户名颜色',
  `description` varchar(100) COLLATE utf8mb4_unicode_ci NOT NULL DEFAULT '' COMMENT '描述',
  `listorder` tinyint(3) unsigned NOT NULL DEFAULT '0' COMMENT '排序',
  `status` tinyint(2) NOT NULL DEFAULT '0' COMMENT '状态',
  `expand` mediumtext COLLATE utf8mb4_unicode_ci COMMENT '拓展',
  PRIMARY KEY (`id`) USING BTREE
) ENGINE=MyISAM AUTO_INCREMENT=9 DEFAULT CHARSET=utf8mb4 COLLATE=utf8mb4_unicode_ci COMMENT='会员组';
/*!40101 SET character_set_client = @saved_cs_client */;

--
-- Dumping data for table `yzn_member_group`
--

LOCK TABLES `yzn_member_group` WRITE;
/*!40000 ALTER TABLE `yzn_member_group` DISABLE KEYS */;
INSERT INTO `yzn_member_group` VALUES (1,'禁止访问',1,0,0,0,1,1,0,1,0,0,0,0,0.00,0.00,0.00,'','','0',0,1,''),(2,'新手上路',1,1,50,100,1,1,0,0,0,1,0,0,50.00,10.00,1.00,'','','',2,1,''),(6,'注册会员',1,2,100,150,0,1,0,0,1,1,0,0,300.00,30.00,1.00,'','','',6,1,''),(4,'中级会员',1,3,150,500,1,1,0,1,1,1,0,0,360.00,60.00,1.00,'','','',4,1,''),(5,'高级会员',1,5,300,999,1,1,0,1,1,1,0,0,500.00,90.00,1.00,'','','',5,1,''),(7,'邮件认证',1,0,0,0,0,0,0,0,0,0,0,0,0.00,0.00,0.00,'','#000000','',7,1,''),(8,'游客',1,0,0,0,0,0,0,1,0,0,0,0,0.00,0.00,0.00,'','','',0,1,'');
/*!40000 ALTER TABLE `yzn_member_group` ENABLE KEYS */;
UNLOCK TABLES;

--
-- Table structure for table `yzn_member_token`
--

DROP TABLE IF EXISTS `yzn_member_token`;
/*!40101 SET @saved_cs_client     = @@character_set_client */;
/*!40101 SET character_set_client = utf8 */;
CREATE TABLE `yzn_member_token` (
  `token` varchar(50) COLLATE utf8mb4_unicode_ci NOT NULL COMMENT 'Token',
  `user_id` int(10) unsigned NOT NULL DEFAULT '0' COMMENT '会员ID',
  `create_time` int(10) DEFAULT NULL COMMENT '创建时间',
  `expire_time` int(10) DEFAULT NULL COMMENT '过期时间',
  PRIMARY KEY (`token`) USING BTREE
) ENGINE=MyISAM DEFAULT CHARSET=utf8mb4 COLLATE=utf8mb4_unicode_ci COMMENT='会员Token表';
/*!40101 SET character_set_client = @saved_cs_client */;

--
-- Dumping data for table `yzn_member_token`
--

LOCK TABLES `yzn_member_token` WRITE;
/*!40000 ALTER TABLE `yzn_member_token` DISABLE KEYS */;
/*!40000 ALTER TABLE `yzn_member_token` ENABLE KEYS */;
UNLOCK TABLES;

--
-- Table structure for table `yzn_menu`
--

DROP TABLE IF EXISTS `yzn_menu`;
/*!40101 SET @saved_cs_client     = @@character_set_client */;
/*!40101 SET character_set_client = utf8 */;
CREATE TABLE `yzn_menu` (
  `id` int(10) unsigned NOT NULL AUTO_INCREMENT COMMENT '菜单ID',
  `title` varchar(50) COLLATE utf8mb4_unicode_ci NOT NULL DEFAULT '' COMMENT '标题',
  `icon` varchar(64) COLLATE utf8mb4_unicode_ci NOT NULL DEFAULT '' COMMENT '图标',
  `parentid` int(10) unsigned NOT NULL DEFAULT '0' COMMENT '上级分类ID',
  `app` varchar(20) COLLATE utf8mb4_unicode_ci NOT NULL DEFAULT '' COMMENT '应用标识',
  `controller` varchar(20) COLLATE utf8mb4_unicode_ci NOT NULL DEFAULT '' COMMENT '控制器标识',
  `action` varchar(20) COLLATE utf8mb4_unicode_ci NOT NULL DEFAULT '' COMMENT '方法标识',
  `parameter` varchar(255) COLLATE utf8mb4_unicode_ci NOT NULL DEFAULT '' COMMENT '附加参数',
  `status` tinyint(2) NOT NULL DEFAULT '0' COMMENT '状态',
  `tip` varchar(255) COLLATE utf8mb4_unicode_ci NOT NULL DEFAULT '' COMMENT '提示',
  `is_dev` tinyint(1) unsigned NOT NULL DEFAULT '0' COMMENT '是否开发者可见',
  `listorder` smallint(6) unsigned NOT NULL DEFAULT '0' COMMENT '排序ID',
  PRIMARY KEY (`id`) USING BTREE,
  KEY `pid` (`parentid`) USING BTREE
) ENGINE=MyISAM AUTO_INCREMENT=163 DEFAULT CHARSET=utf8mb4 COLLATE=utf8mb4_unicode_ci COMMENT='后台菜单表';
/*!40101 SET character_set_client = @saved_cs_client */;

--
-- Dumping data for table `yzn_menu`
--

LOCK TABLES `yzn_menu` WRITE;
/*!40000 ALTER TABLE `yzn_menu` DISABLE KEYS */;
INSERT INTO `yzn_menu` VALUES (3,'设置','icon-setup',0,'admin','setting','index','',1,'',0,0),(4,'模块','icon-apps-line',0,'admin','module','index1','',1,'',0,9),(5,'扩展','icon-equalizer-line',0,'addons','addons','index1','',1,'',0,10),(8,'个人资料','',10,'admin','profile','index','',0,'',0,0),(9,'资料更新','',10,'admin','profile','update','',0,'',0,0),(10,'系统配置','icon-zidongxiufu',3,'admin','config','index1','',1,'',0,0),(11,'配置管理','icon-apartment',10,'admin','config','index','',1,'',0,0),(12,'删除日志','',20,'admin','adminlog','deletelog','',1,'',0,0),(13,'网站设置','icon-setup',10,'admin','config','setting','',1,'',0,0),(14,'菜单管理','icon-other',10,'admin','menu','index','',1,'',0,0),(15,'权限管理','icon-user-settings-line',3,'admin','manager','index1','',1,'',0,0),(16,'管理员管理','icon-user-settings-line',15,'admin','manager','index','',1,'',0,0),(17,'角色管理','icon-user-shared-2-line',15,'admin','authManager','index','',1,'',0,0),(18,'添加管理员','',16,'admin','manager','add','',1,'',0,0),(19,'编辑管理员','',16,'admin','manager','edit','',1,'',0,0),(20,'管理日志','icon-history',15,'admin','adminlog','index','',1,'',0,0),(21,'删除管理员','',16,'admin','manager','del','',1,'',0,0),(22,'添加角色','',17,'admin','authManager','createGroup','',1,'',0,0),(23,'附件管理','icon-accessory',10,'attachment','attachments','index','',1,'',0,1),(24,'新增配置','',11,'admin','config','add','',1,'',0,1),(25,'编辑配置','',11,'admin','config','edit','',1,'',0,2),(26,'删除配置','',11,'admin','config','del','',1,'',0,3),(27,'批量更新','',11,'admin','config','multi','',1,'',0,0),(28,'新增菜单','',14,'admin','menu','add','',1,'',0,0),(29,'编辑菜单','',14,'admin','menu','edit','',1,'',0,0),(30,'删除菜单','',14,'admin','menu','del','',1,'',0,0),(31,'批量更新','',14,'admin','menu','multi','',1,'',0,0),(32,'附件上传','',23,'attachment','attachments','upload','',1,'',0,0),(33,'附件删除','',23,'attachment','attachments','del','',1,'',0,0),(34,'编辑器附件','',23,'attachment','ueditor','run','',0,'',0,0),(35,'图片列表','',23,'attachment','attachments','showFileLis','',0,'',0,0),(36,'图片本地化','',23,'attachment','attachments','getUrlFile','',0,'',0,0),(37,'图片选择','',23,'attachment','attachments','select','',0,'',0,0),(38,'插件扩展','icon-equalizer-line',5,'addons','addons','index2','',1,'',0,0),(39,'插件管理','icon-apartment',38,'addons','addons','index','',1,'',0,0),(41,'插件后台列表','icon-liebiaosousuo',5,'addons','addons','addonadmin','',1,'',0,0),(43,'本地模块','icon-apps-line',4,'admin','module','index2','',1,'',0,0),(44,'模块管理','icon-apartment',43,'admin','module','index','',1,'',0,0),(45,'模块后台列表','icon-liebiaosousuo',4,'admin','module','index','',1,'',0,0),(48,'编辑角色','',17,'admin','authManager','editGroup','',1,'',0,0),(49,'删除角色','',17,'admin','authManager','deleteGroup','',1,'',0,0),(50,'访问授权','',17,'admin','authManager','access','',1,'',0,0),(51,'角色授权','',17,'admin','authManager','writeGroup','',1,'',0,0),(52,'模块安装','',44,'admin','module','install','',1,'',0,0),(53,'模块卸载','',44,'admin','module','uninstall','',1,'',0,0),(54,'本地安装','',44,'admin','module','local','',1,'',0,0),(55,'插件设置','',39,'addons','addons','config','',1,'',0,0),(56,'插件安装','',39,'addons','addons','install','',1,'',0,0),(57,'插件卸载','',39,'addons','addons','uninstall','',1,'',0,0),(58,'插件状态','',39,'addons','addons','state','',1,'',0,0),(59,'本地安装','',39,'addons','addons','local','',1,'',0,0),(60,'会员','icon-user-line',0,'member','member','index2','',1,'',0,4),(61,'会员管理','icon-user-line',60,'member','member','index1','',1,'',0,0),(62,'会员设置','icon-user-settings-line',61,'member','setting','setting','',1,'',0,0),(63,'会员管理','icon-user-shared-2-line',61,'member','member','index','',1,'',0,0),(64,'审核会员','icon-user-star-line',61,'member','member','userverify','',1,'',0,0),(65,'会员添加','',61,'member','member','add','',0,'',0,0),(66,'会员编辑','',61,'member','member','edit','',0,'',0,0),(67,'会员删除','',61,'member','member','del','',0,'',0,0),(68,'会员审核','',61,'member','member','pass','',0,'',0,0),(69,'会员组','icon-group-line',60,'member','group','index1','',1,'',0,0),(70,'会员组管理','icon-user-settings-line',69,'member','group','index','',1,'',0,0),(71,'会员组添加','',69,'member','group','add','',0,'',0,0),(72,'会员组编辑','',69,'member','group','edit','',0,'',0,0),(73,'会员组删除','',69,'member','group','del','',0,'',0,0),(74,'内容','icon-draft-line',0,'cms','cms','index1','',1,'',0,3),(75,'内容管理','icon-draft-line',74,'cms','cms','index2','',1,'',0,0),(76,'管理内容','icon-draft-line',75,'cms','cms','index','',1,'',0,0),(77,'面板','',76,'cms','cms','panl','',0,'',0,0),(78,'信息列表','',76,'cms','cms','classlist','',0,'',0,0),(79,'添加','',76,'cms','cms','add','',0,'',0,0),(80,'编辑','',76,'cms','cms','edit','',0,'',0,0),(81,'删除','',76,'cms','cms','del','',0,'',0,0),(82,'排序','',76,'cms','cms','listorder','',0,'',0,0),(83,'批量移动','',76,'cms','cms','remove','',0,'',0,0),(84,'状态','',76,'cms','cms','setstate','',0,'',0,0),(85,'标题检查','',76,'cms','cms','check_title','',0,'',0,0),(86,'回收站','icon-trash',76,'cms','cms','recycle','',0,'',0,0),(87,'清空回收站','',76,'cms','cms','destroy','',0,'',0,0),(88,'还原回收站','',76,'cms','cms','restore','',0,'',0,0),(89,'稿件管理','icon-draft-line',75,'cms','publish','index','',1,'',0,0),(90,'删除','',89,'cms','publish','del','',0,'',0,0),(91,'通过','',89,'cms','publish','pass','',0,'',0,0),(92,'退稿','',89,'cms','publish','reject','',0,'',0,0),(93,'Tags管理','icon-label',75,'cms','tags','index','',1,'',0,0),(94,'列表','',93,'cms','tags','index','',0,'',0,0),(95,'添加','',93,'cms','tags','add','',0,'',0,0),(96,'编辑','',93,'cms','tags','edit','',0,'',0,0),(97,'删除','',93,'cms','tags','del','',0,'',0,0),(98,'数据重建','',93,'cms','tags','create','',0,'',0,0),(99,'批量更新','',93,'cms','tags','multi','',0,'',0,0),(100,'相关设置','icon-file-settings-line',74,'cms','category','index1','',1,'',0,0),(101,'CMS配置','icon-file-settings-line',100,'cms','setting','index','',1,'',0,0),(102,'栏目列表','icon-other',100,'cms','category','index','',1,'',0,0),(103,'添加栏目','',102,'cms','category','add','',0,'',0,0),(104,'添加单页','',102,'cms','category','singlepage','',0,'',0,0),(105,'栏目授权','',102,'cms','category','cat_priv','',0,'',0,0),(106,'编辑栏目','',102,'cms','category','edit','',0,'',0,0),(107,'删除栏目','',102,'cms','category','del','',0,'',0,0),(108,'批量更新','',102,'cms','category','multi','',0,'',0,0),(109,'栏目模板','',102,'cms','category','public_tpl_file_list','',0,'',0,0),(110,'模型管理','icon-apartment',100,'cms','models','index','',1,'',0,0),(111,'字段管理','',110,'cms','field','index','',0,'',0,0),(112,'字段添加','',110,'cms','field','add','',0,'',0,0),(113,'字段编辑','',110,'cms','field','edit','',0,'',0,0),(114,'字段删除','',110,'cms','field','del','',0,'',0,0),(115,'字段排序','',110,'cms','field','listorder','',0,'',0,0),(116,'字段状态','',110,'cms','field','setstate','',0,'',0,0),(117,'字段搜索','',110,'cms','field','setsearch','',0,'',0,0),(118,'字段隐藏','',110,'cms','field','setvisible','',0,'',0,0),(119,'字段必须','',110,'cms','field','setrequire','',0,'',0,0),(120,'添加模型','',110,'cms','models','add','',0,'',0,0),(121,'修改模型','',110,'cms','models','edit','',0,'',0,0),(122,'删除模型','',110,'cms','models','del','',0,'',0,0),(123,'批量更新','',110,'cms','models','multi','',0,'',0,0),(124,'表单管理','icon-file-list-3-line',45,'formguide','formguide','index','',1,'',0,3),(125,'添加表单','',124,'formguide','formguide','add','',0,'',0,0),(126,'编辑表单','',124,'formguide','formguide','edit','',0,'',0,0),(127,'删除表单','',124,'formguide','formguide','del','',0,'',0,0),(128,'字段管理','',124,'formguide','field','index','',0,'',0,0),(129,'添加字段','',124,'formguide','field','add','',0,'',0,0),(130,'编辑字段','',124,'formguide','field','edit','',0,'',0,0),(131,'删除字段','',124,'formguide','field','del','',0,'',0,0),(132,'信息列表','',124,'formguide','info','index','',0,'',0,0),(133,'信息查看','',124,'formguide','info','public_view','',0,'',0,0),(134,'信息删除','',124,'formguide','info','del','',0,'',0,0),(135,'短消息','icon-systemprompt',45,'message','message','index','',1,'',0,3),(136,'消息列表','',135,'message','message','index','',1,'',0,0),(137,'群发消息列表','',135,'message','message','group','',1,'',0,0),(138,'群发消息','',135,'message','message','message_send','',1,'',0,0),(139,'发消息','',135,'message','message','send_one','',1,'',0,0),(140,'删除短消息','',135,'message','message','del','',1,'',0,0),(141,'删除群发消息','',135,'message','message','delete_group','',1,'',0,0),(142,'友情链接','icon-lianjie',45,'links','links','index','',1,'友情链接！',0,0),(143,'添加友情链接','',142,'links','links','add','',0,'',0,0),(144,'链接编辑','',142,'links','links','edit','',0,'',0,0),(145,'链接删除','',142,'links','links','del','',0,'',0,0),(146,'批量操作','',142,'links','links','multi','',0,'',0,0),(147,'分类管理','',142,'links','links','terms','',0,'',0,0),(148,'分类新增','',142,'links','links','addTerms','',0,'',0,0),(149,'分类修改','',142,'links','links','termsedit','',0,'',0,0),(150,'分类删除','',142,'links','links','termsdelete','',0,'',0,0),(151,'百度推送','icon-circle-line',41,'addons','baidupush','index','isadmin=1',1,'百度推送插件管理后台！',0,0),(152,'数据库备份','icon-circle-line',41,'addons','database','index','isadmin=1',1,'数据库备份插件管理后台！',0,0),(153,'备份还原','',41,'addons','database','restore','isadmin=1',0,'',0,0),(154,'删除备份','',41,'addons','database','del','isadmin=1',0,'',0,0),(155,'修复表','',41,'addons','database','repair','isadmin=1',0,'',0,0),(156,'优化表','',41,'addons','database','optimize','isadmin=1',0,'',0,0),(157,'还原表','',41,'addons','database','import','isadmin=1',0,'',0,0),(158,'备份数据库','',41,'addons','database','export','isadmin=1',0,'',0,0),(159,'备份数据库下载','',41,'addons','database','download','isadmin=1',0,'',0,0),(160,'数据转换','icon-circle-line',41,'addons','dedetoyzn','index','isadmin=1',1,'数据转换插件管理后台！',0,0),(161,'网站地图','icon-circle-line',41,'addons','sitemap','index','isadmin=1',1,'网站地图插件管理后台！',0,0),(162,'数据转换','icon-circle-line',41,'addons','v9toyzn','index','isadmin=1',1,'数据转换插件管理后台！',0,0);
/*!40000 ALTER TABLE `yzn_menu` ENABLE KEYS */;
UNLOCK TABLES;

--
-- Table structure for table `yzn_message`
--

DROP TABLE IF EXISTS `yzn_message`;
/*!40101 SET @saved_cs_client     = @@character_set_client */;
/*!40101 SET character_set_client = utf8 */;
CREATE TABLE `yzn_message` (
  `id` int(10) unsigned NOT NULL AUTO_INCREMENT,
  `send_from` varchar(30) COLLATE utf8mb4_unicode_ci NOT NULL DEFAULT '0' COMMENT '发件人',
  `send_to` varchar(30) COLLATE utf8mb4_unicode_ci NOT NULL DEFAULT '0' COMMENT '收件人',
  `create_time` int(10) unsigned NOT NULL DEFAULT '0' COMMENT '创建时间',
  `subject` varchar(80) COLLATE utf8mb4_unicode_ci DEFAULT NULL COMMENT '主题',
  `content` text COLLATE utf8mb4_unicode_ci NOT NULL COMMENT '内容',
  `replyid` int(10) unsigned NOT NULL DEFAULT '0' COMMENT '回复ID',
  `status` tinyint(2) NOT NULL DEFAULT '0' COMMENT '状态',
  PRIMARY KEY (`id`) USING BTREE,
  KEY `replyid` (`replyid`) USING BTREE
) ENGINE=MyISAM DEFAULT CHARSET=utf8mb4 COLLATE=utf8mb4_unicode_ci;
/*!40101 SET character_set_client = @saved_cs_client */;

--
-- Dumping data for table `yzn_message`
--

LOCK TABLES `yzn_message` WRITE;
/*!40000 ALTER TABLE `yzn_message` DISABLE KEYS */;
/*!40000 ALTER TABLE `yzn_message` ENABLE KEYS */;
UNLOCK TABLES;

--
-- Table structure for table `yzn_message_data`
--

DROP TABLE IF EXISTS `yzn_message_data`;
/*!40101 SET @saved_cs_client     = @@character_set_client */;
/*!40101 SET character_set_client = utf8 */;
CREATE TABLE `yzn_message_data` (
  `id` int(4) NOT NULL AUTO_INCREMENT,
  `userid` mediumint(8) NOT NULL,
  `group_message_id` int(5) NOT NULL,
  PRIMARY KEY (`id`) USING BTREE,
  KEY `message` (`userid`,`group_message_id`) USING BTREE
) ENGINE=MyISAM DEFAULT CHARSET=utf8mb4 COLLATE=utf8mb4_unicode_ci;
/*!40101 SET character_set_client = @saved_cs_client */;

--
-- Dumping data for table `yzn_message_data`
--

LOCK TABLES `yzn_message_data` WRITE;
/*!40000 ALTER TABLE `yzn_message_data` DISABLE KEYS */;
/*!40000 ALTER TABLE `yzn_message_data` ENABLE KEYS */;
UNLOCK TABLES;

--
-- Table structure for table `yzn_message_group`
--

DROP TABLE IF EXISTS `yzn_message_group`;
/*!40101 SET @saved_cs_client     = @@character_set_client */;
/*!40101 SET character_set_client = utf8 */;
CREATE TABLE `yzn_message_group` (
  `id` smallint(5) unsigned NOT NULL AUTO_INCREMENT,
  `groupid` tinyint(4) unsigned NOT NULL DEFAULT '0' COMMENT '用户组id',
  `subject` varchar(80) COLLATE utf8mb4_unicode_ci DEFAULT NULL COMMENT '标题',
  `content` text COLLATE utf8mb4_unicode_ci NOT NULL COMMENT '内容',
  `create_time` int(10) unsigned DEFAULT '0' COMMENT '创建时间',
  `status` tinyint(2) NOT NULL DEFAULT '0' COMMENT '状态',
  PRIMARY KEY (`id`) USING BTREE
) ENGINE=MyISAM DEFAULT CHARSET=utf8mb4 COLLATE=utf8mb4_unicode_ci;
/*!40101 SET character_set_client = @saved_cs_client */;

--
-- Dumping data for table `yzn_message_group`
--

LOCK TABLES `yzn_message_group` WRITE;
/*!40000 ALTER TABLE `yzn_message_group` DISABLE KEYS */;
/*!40000 ALTER TABLE `yzn_message_group` ENABLE KEYS */;
UNLOCK TABLES;

--
-- Table structure for table `yzn_model`
--

DROP TABLE IF EXISTS `yzn_model`;
/*!40101 SET @saved_cs_client     = @@character_set_client */;
/*!40101 SET character_set_client = utf8 */;
CREATE TABLE `yzn_model` (
  `id` smallint(5) unsigned NOT NULL AUTO_INCREMENT,
  `module` varchar(15) COLLATE utf8mb4_unicode_ci NOT NULL DEFAULT '' COMMENT '所属模块',
  `name` varchar(30) COLLATE utf8mb4_unicode_ci NOT NULL DEFAULT '' COMMENT '模型名称',
  `tablename` varchar(20) COLLATE utf8mb4_unicode_ci NOT NULL DEFAULT '' COMMENT '表名',
  `description` varchar(100) COLLATE utf8mb4_unicode_ci NOT NULL DEFAULT '' COMMENT '描述',
  `setting` text COLLATE utf8mb4_unicode_ci NOT NULL COMMENT '配置信息',
  `type` tinyint(1) unsigned NOT NULL DEFAULT '1' COMMENT '模型类别：1-独立表，2-主附表',
  `create_time` int(10) unsigned NOT NULL DEFAULT '0' COMMENT '添加时间',
  `update_time` int(10) unsigned NOT NULL DEFAULT '0' COMMENT '更新时间',
  `listorders` tinyint(3) NOT NULL DEFAULT '0' COMMENT '排序',
  `status` tinyint(2) NOT NULL DEFAULT '0' COMMENT '状态',
  PRIMARY KEY (`id`) USING BTREE
) ENGINE=MyISAM AUTO_INCREMENT=5 DEFAULT CHARSET=utf8mb4 COLLATE=utf8mb4_unicode_ci COMMENT='模型列表';
/*!40101 SET character_set_client = @saved_cs_client */;

--
-- Dumping data for table `yzn_model`
--

LOCK TABLES `yzn_model` WRITE;
/*!40000 ALTER TABLE `yzn_model` DISABLE KEYS */;
INSERT INTO `yzn_model` VALUES (1,'cms','文章模型','article','文章模型','a:3:{s:17:\"category_template\";s:13:\"category.html\";s:13:\"list_template\";s:9:\"list.html\";s:13:\"show_template\";s:9:\"show.html\";}',2,1546574975,1566893866,0,1),(2,'cms','图片模型','picture','图片模型','a:3:{s:17:\"category_template\";s:21:\"category_picture.html\";s:13:\"list_template\";s:17:\"list_picture.html\";s:13:\"show_template\";s:17:\"show_picture.html\";}',2,1548754193,1566896531,0,1),(3,'cms','产品模型','product','产品模型','a:3:{s:17:\"category_template\";s:21:\"category_picture.html\";s:13:\"list_template\";s:17:\"list_picture.html\";s:13:\"show_template\";s:17:\"show_picture.html\";}',2,1549165800,1566894329,0,1),(4,'cms','下载模型','download','下载模型','a:3:{s:17:\"category_template\";s:13:\"category.html\";s:13:\"list_template\";s:9:\"list.html\";s:13:\"show_template\";s:9:\"show.html\";}',2,1549624988,1566894292,0,1);
/*!40000 ALTER TABLE `yzn_model` ENABLE KEYS */;
UNLOCK TABLES;

--
-- Table structure for table `yzn_model_field`
--

DROP TABLE IF EXISTS `yzn_model_field`;
/*!40101 SET @saved_cs_client     = @@character_set_client */;
/*!40101 SET character_set_client = utf8 */;
CREATE TABLE `yzn_model_field` (
  `id` smallint(5) unsigned NOT NULL AUTO_INCREMENT,
  `modelid` smallint(5) unsigned NOT NULL DEFAULT '0' COMMENT '模型ID',
  `name` varchar(20) COLLATE utf8mb4_unicode_ci NOT NULL DEFAULT '' COMMENT '字段名',
  `title` varchar(30) COLLATE utf8mb4_unicode_ci NOT NULL DEFAULT '' COMMENT '别名',
  `remark` tinytext COLLATE utf8mb4_unicode_ci COMMENT '字段提示',
  `pattern` varchar(255) COLLATE utf8mb4_unicode_ci NOT NULL DEFAULT '' COMMENT '数据校验正则',
  `errortips` varchar(255) COLLATE utf8mb4_unicode_ci NOT NULL DEFAULT '' COMMENT '数据校验未通过的提示信息',
  `type` varchar(20) COLLATE utf8mb4_unicode_ci NOT NULL DEFAULT '' COMMENT '字段类型',
  `setting` mediumtext COLLATE utf8mb4_unicode_ci COMMENT '字段配置',
  `ifsystem` tinyint(1) unsigned NOT NULL DEFAULT '1' COMMENT '是否主表字段 1 是',
  `iscore` tinyint(1) unsigned NOT NULL DEFAULT '0' COMMENT '是否内部字段',
  `iffixed` tinyint(1) unsigned NOT NULL DEFAULT '0' COMMENT '是否固定不可修改',
  `ifrequire` tinyint(1) unsigned NOT NULL DEFAULT '0' COMMENT '是否必填',
  `ifsearch` tinyint(1) unsigned NOT NULL DEFAULT '0' COMMENT '作为搜索条件',
  `isadd` tinyint(1) unsigned NOT NULL DEFAULT '0' COMMENT '在投稿中显示',
  `create_time` int(10) unsigned NOT NULL DEFAULT '0' COMMENT '创建时间',
  `update_time` int(10) unsigned NOT NULL DEFAULT '0' COMMENT '更新时间',
  `listorder` smallint(5) unsigned NOT NULL DEFAULT '0' COMMENT '排序',
  `status` tinyint(2) NOT NULL DEFAULT '0' COMMENT '状态',
  PRIMARY KEY (`id`) USING BTREE,
  KEY `name` (`name`,`modelid`) USING BTREE
) ENGINE=MyISAM AUTO_INCREMENT=80 DEFAULT CHARSET=utf8mb4 COLLATE=utf8mb4_unicode_ci COMMENT='模型字段列表';
/*!40101 SET character_set_client = @saved_cs_client */;

--
-- Dumping data for table `yzn_model_field`
--

LOCK TABLES `yzn_model_field` WRITE;
/*!40000 ALTER TABLE `yzn_model_field` DISABLE KEYS */;
INSERT INTO `yzn_model_field` VALUES (76,1,'url','链接地址','有值时生效，内部链接格式:模块/控制器/操作?参数=参数值&...，外部链接则必须http://开头','','','text','a:3:{s:6:\"define\";s:32:\"varchar(100) NOT NULL DEFAULT \'\'\";s:7:\"options\";s:0:\"\";s:5:\"value\";s:0:\"\";}',1,0,1,0,0,0,1608023551,1608023551,300,1),(77,2,'url','链接地址','有值时生效，内部链接格式:模块/控制器/操作?参数=参数值&...，外部链接则必须http://开头','','','text','a:3:{s:6:\"define\";s:32:\"varchar(100) NOT NULL DEFAULT \'\'\";s:7:\"options\";s:0:\"\";s:5:\"value\";s:0:\"\";}',1,0,1,0,0,0,1608023551,1608023551,300,1),(78,3,'url','链接地址','有值时生效，内部链接格式:模块/控制器/操作?参数=参数值&...，外部链接则必须http://开头','','','text','a:3:{s:6:\"define\";s:32:\"varchar(100) NOT NULL DEFAULT \'\'\";s:7:\"options\";s:0:\"\";s:5:\"value\";s:0:\"\";}',1,0,1,0,0,0,1608023551,1608023551,300,1),(79,4,'url','链接地址','有值时生效，内部链接格式:模块/控制器/操作?参数=参数值&...，外部链接则必须http://开头','','','text','a:3:{s:6:\"define\";s:32:\"varchar(100) NOT NULL DEFAULT \'\'\";s:7:\"options\";s:0:\"\";s:5:\"value\";s:0:\"\";}',1,0,1,0,0,0,1608023551,1608023551,300,1),(74,3,'thumb','缩略图','','','','image','a:3:{s:6:\"define\";s:13:\"text NOT NULL\";s:7:\"options\";s:0:\"\";s:5:\"value\";s:0:\"\";}',1,0,0,0,0,1,1565948216,1565948216,100,1),(75,4,'thumb','缩略图','','','','image','a:3:{s:6:\"define\";s:13:\"text NOT NULL\";s:7:\"options\";s:0:\"\";s:5:\"value\";s:0:\"\";}',1,0,0,0,0,1,1565948216,1565948216,100,1),(73,2,'thumb','缩略图','','','','image','a:3:{s:6:\"define\";s:13:\"text NOT NULL\";s:7:\"options\";s:0:\"\";s:5:\"value\";s:0:\"\";}',1,0,0,0,0,1,1565948216,1565948216,100,1),(70,4,'did','附表文档id','','','','hidden','',0,1,1,0,0,0,1549624988,1549624988,100,1),(71,4,'content','内容','','','','Ueditor','a:3:{s:6:\"define\";s:13:\"text NOT NULL\";s:7:\"options\";s:0:\"\";s:5:\"value\";s:0:\"\";}',0,0,0,0,0,1,1549624988,1549624988,100,1),(72,1,'thumb','缩略图','','','','image','a:3:{s:6:\"define\";s:13:\"text NOT NULL\";s:7:\"options\";s:0:\"\";s:5:\"value\";s:0:\"\";}',1,0,0,0,0,1,1565948216,1565948216,100,1),(69,4,'hits','点击量','','','','number','a:3:{s:6:\"define\";s:42:\"mediumint(8) UNSIGNED NOT NULL DEFAULT \'0\'\";s:7:\"options\";s:0:\"\";s:5:\"value\";s:1:\"0\";}',1,0,1,0,0,0,1549624988,1549624988,200,1),(68,4,'updatetime','更新时间','','','','datetime','a:3:{s:6:\"define\";s:37:\"int(10) UNSIGNED NOT NULL DEFAULT \'0\'\";s:7:\"options\";s:0:\"\";s:5:\"value\";s:0:\"\";}',1,1,1,0,0,0,1549624988,1549624988,200,1),(66,4,'status','状态','','','','radio','a:3:{s:6:\"define\";s:40:\"tinyint(2) UNSIGNED NOT NULL DEFAULT \'0\'\";s:7:\"options\";s:21:\"0:待审核\r\n1:通过\";s:5:\"value\";s:1:\"1\";}',1,0,1,0,0,0,1549624988,1549624988,100,1),(67,4,'inputtime','创建时间','','','','datetime','a:3:{s:6:\"define\";s:37:\"int(10) UNSIGNED NOT NULL DEFAULT \'0\'\";s:7:\"options\";s:0:\"\";s:5:\"value\";s:0:\"\";}',1,0,1,0,0,0,1549624988,1549624988,200,1),(62,4,'uid','用户id','','','','number',NULL,1,1,1,0,0,0,1549624988,1549624988,100,1),(63,4,'username','用户名','','','','text',NULL,1,1,1,0,0,0,1558767044,1558767044,100,1),(64,4,'sysadd','是否后台添加','','','','number',NULL,1,1,1,0,0,0,1558767044,1558767044,100,1),(65,4,'listorder','排序','','','','number','a:3:{s:6:\"define\";s:40:\"tinyint(3) UNSIGNED NOT NULL DEFAULT \'0\'\";s:7:\"options\";s:0:\"\";s:5:\"value\";s:3:\"100\";}',1,0,1,0,0,0,1549624988,1549624988,100,1),(60,4,'description','SEO摘要','如不填写，则自动截取附表中编辑器的200字符','','','textarea','a:3:{s:6:\"define\";s:32:\"varchar(255) NOT NULL DEFAULT \'\'\";s:7:\"options\";s:0:\"\";s:5:\"value\";s:0:\"\";}',1,0,0,0,0,1,1549624988,1549624988,100,1),(61,4,'tags','Tags标签','关键词用回车确认','','','tags','a:3:{s:6:\"define\";s:32:\"varchar(255) NOT NULL DEFAULT \'\'\";s:7:\"options\";s:0:\"\";s:5:\"value\";s:0:\"\";}',1,0,0,0,0,0,1546574975,1546574975,100,1),(59,4,'keywords','SEO关键词','关键词用回车确认','','','tags','a:3:{s:6:\"define\";s:32:\"varchar(255) NOT NULL DEFAULT \'\'\";s:7:\"options\";s:0:\"\";s:5:\"value\";s:0:\"\";}',1,0,0,0,0,1,1549624988,1549624988,100,1),(58,4,'flag','属性','','','','checkbox','a:3:{s:6:\"define\";s:31:\"varchar(32) NOT NULL DEFAULT \'\'\";s:7:\"options\";s:76:\"1:置顶[1]\r\n2:头条[2]\r\n3:特荐[3]\r\n4:推荐[4]\r\n5:热点[5]\r\n6:幻灯[6]\";s:5:\"value\";s:0:\"\";}',1,0,1,0,0,0,1551846870,1551846870,100,1),(55,4,'id','文档id','','','','hidden','',1,0,1,0,0,1,1549624988,1549624988,100,1),(56,4,'catid','栏目id','','','','hidden','',1,0,1,0,0,1,1549624988,1549624988,100,1),(57,4,'title','标题','','','','text','a:3:{s:6:\"define\";s:32:\"varchar(255) NOT NULL DEFAULT \'\'\";s:7:\"options\";s:0:\"\";s:5:\"value\";s:0:\"\";}',1,0,1,1,1,1,1549624988,1549624988,100,1),(54,3,'price','价格','','','','radio','a:4:{s:6:\"define\";s:40:\"tinyint(2) UNSIGNED NOT NULL DEFAULT \'0\'\";s:7:\"options\";s:42:\"1:≤2500\r\n2:≤5000\r\n3:≤8000\r\n4:≥1万\";s:10:\"filtertype\";s:1:\"1\";s:5:\"value\";s:0:\"\";}',1,0,0,1,0,1,1552372433,1552372433,0,1),(53,3,'trade','行业','','','','radio','a:4:{s:6:\"define\";s:40:\"tinyint(2) UNSIGNED NOT NULL DEFAULT \'0\'\";s:7:\"options\";s:78:\"1:机械设备\r\n2:车辆物流\r\n3:地产建筑装修\r\n4:教育培训\r\n5:其他\";s:10:\"filtertype\";s:1:\"1\";s:5:\"value\";s:0:\"\";}',1,0,0,1,0,1,1552372387,1552372387,0,1),(50,3,'did','附表文档id','','','','hidden','',0,1,1,0,0,0,1549165800,1549165800,100,1),(51,3,'content','内容','','','','Ueditor','a:3:{s:6:\"define\";s:13:\"text NOT NULL\";s:7:\"options\";s:0:\"\";s:5:\"value\";s:0:\"\";}',0,0,0,0,0,1,1549165800,1549165800,100,1),(52,3,'type','类型','','','','radio','a:4:{s:6:\"define\";s:40:\"tinyint(2) UNSIGNED NOT NULL DEFAULT \'0\'\";s:7:\"options\";s:91:\"1:营销网站\r\n2:电商网站\r\n3:响应式网站\r\n4:手机网站\r\n5:外贸网站\r\n6:其他\";s:10:\"filtertype\";s:1:\"1\";s:5:\"value\";s:0:\"\";}',1,0,0,1,0,1,1552368369,1552372294,0,1),(48,3,'updatetime','更新时间','','','','datetime','a:3:{s:6:\"define\";s:37:\"int(10) UNSIGNED NOT NULL DEFAULT \'0\'\";s:7:\"options\";s:0:\"\";s:5:\"value\";s:0:\"\";}',1,1,1,0,0,0,1549165800,1549165800,200,1),(49,3,'hits','点击量','','','','number','a:3:{s:6:\"define\";s:42:\"mediumint(8) UNSIGNED NOT NULL DEFAULT \'0\'\";s:7:\"options\";s:0:\"\";s:5:\"value\";s:1:\"0\";}',1,0,1,0,0,0,1549165800,1549165800,200,1),(47,3,'inputtime','创建时间','','','','datetime','a:3:{s:6:\"define\";s:37:\"int(10) UNSIGNED NOT NULL DEFAULT \'0\'\";s:7:\"options\";s:0:\"\";s:5:\"value\";s:0:\"\";}',1,0,1,0,0,0,1549165800,1549165800,200,1),(44,3,'sysadd','是否后台添加','','','','number',NULL,1,1,1,0,0,0,1558767044,1558767044,100,1),(45,3,'listorder','排序','','','','number','a:3:{s:6:\"define\";s:40:\"tinyint(3) UNSIGNED NOT NULL DEFAULT \'0\'\";s:7:\"options\";s:0:\"\";s:5:\"value\";s:3:\"100\";}',1,0,1,0,0,0,1549165800,1549165800,100,1),(46,3,'status','状态','','','','radio','a:3:{s:6:\"define\";s:40:\"tinyint(2) UNSIGNED NOT NULL DEFAULT \'0\'\";s:7:\"options\";s:21:\"0:待审核\r\n1:通过\";s:5:\"value\";s:1:\"1\";}',1,0,1,0,0,0,1549165800,1549165800,100,1),(42,3,'uid','用户id','','','','number',NULL,1,1,1,0,0,0,1549165800,1549165800,100,1),(43,3,'username','用户名','','','','text',NULL,1,1,1,0,0,0,1558767044,1558767044,100,1),(41,3,'tags','Tags标签','关键词用回车确认','','','tags','a:3:{s:6:\"define\";s:32:\"varchar(255) NOT NULL DEFAULT \'\'\";s:7:\"options\";s:0:\"\";s:5:\"value\";s:0:\"\";}',1,0,0,0,0,0,1546574975,1546574975,100,1),(40,3,'description','SEO摘要','如不填写，则自动截取附表中编辑器的200字符','','','textarea','a:3:{s:6:\"define\";s:32:\"varchar(255) NOT NULL DEFAULT \'\'\";s:7:\"options\";s:0:\"\";s:5:\"value\";s:0:\"\";}',1,0,0,0,0,1,1549165800,1549165800,100,1),(39,3,'keywords','SEO关键词','关键词用回车确认','','','tags','a:3:{s:6:\"define\";s:32:\"varchar(255) NOT NULL DEFAULT \'\'\";s:7:\"options\";s:0:\"\";s:5:\"value\";s:0:\"\";}',1,0,0,0,0,1,1549165800,1549165800,100,1),(36,3,'catid','栏目id','','','','hidden','',1,0,1,0,0,1,1549165800,1549165800,100,1),(37,3,'title','标题','','','','text','a:3:{s:6:\"define\";s:32:\"varchar(255) NOT NULL DEFAULT \'\'\";s:7:\"options\";s:0:\"\";s:5:\"value\";s:0:\"\";}',1,0,1,1,1,1,1549165800,1549165800,100,1),(38,3,'flag','属性','','','','checkbox','a:3:{s:6:\"define\";s:31:\"varchar(32) NOT NULL DEFAULT \'\'\";s:7:\"options\";s:76:\"1:置顶[1]\r\n2:头条[2]\r\n3:特荐[3]\r\n4:推荐[4]\r\n5:热点[5]\r\n6:幻灯[6]\";s:5:\"value\";s:0:\"\";}',1,0,1,0,0,0,1551846870,1551846870,100,1),(33,2,'did','附表文档id','','','','hidden','',0,1,1,0,0,0,1548754192,1548754192,100,1),(34,2,'content','内容','','','','Ueditor','a:3:{s:6:\"define\";s:13:\"text NOT NULL\";s:7:\"options\";s:0:\"\";s:5:\"value\";s:0:\"\";}',0,0,0,0,0,1,1548754192,1548754192,100,1),(35,3,'id','文档id','','','','hidden','',1,0,1,0,0,1,1549165800,1549165800,100,1),(32,2,'hits','点击量','','','','number','a:3:{s:6:\"define\";s:42:\"mediumint(8) UNSIGNED NOT NULL DEFAULT \'0\'\";s:7:\"options\";s:0:\"\";s:5:\"value\";s:1:\"0\";}',1,0,1,0,0,0,1548754192,1548754192,200,1),(31,2,'updatetime','更新时间','','','','datetime','a:3:{s:6:\"define\";s:37:\"int(10) UNSIGNED NOT NULL DEFAULT \'0\'\";s:7:\"options\";s:0:\"\";s:5:\"value\";s:0:\"\";}',1,1,1,0,0,0,1548754192,1548754192,200,1),(30,2,'inputtime','创建时间','','','','datetime','a:3:{s:6:\"define\";s:37:\"int(10) UNSIGNED NOT NULL DEFAULT \'0\'\";s:7:\"options\";s:0:\"\";s:5:\"value\";s:0:\"\";}',1,0,1,0,0,0,1548754192,1548754192,200,1),(29,2,'status','状态','','','','radio','a:3:{s:6:\"define\";s:40:\"tinyint(2) UNSIGNED NOT NULL DEFAULT \'0\'\";s:7:\"options\";s:21:\"0:待审核\r\n1:通过\";s:5:\"value\";s:1:\"1\";}',1,0,1,0,0,0,1548754192,1548754192,100,1),(27,2,'sysadd','是否后台添加','','','','number',NULL,1,1,1,0,0,0,1558767044,1558767044,100,1),(28,2,'listorder','排序','','','','number','a:3:{s:6:\"define\";s:40:\"tinyint(3) UNSIGNED NOT NULL DEFAULT \'0\'\";s:7:\"options\";s:0:\"\";s:5:\"value\";s:3:\"100\";}',1,0,1,0,0,0,1548754192,1548754192,100,1),(24,2,'tags','Tags标签','关键词用回车确认','','','tags','a:3:{s:6:\"define\";s:32:\"varchar(255) NOT NULL DEFAULT \'\'\";s:7:\"options\";s:0:\"\";s:5:\"value\";s:0:\"\";}',1,0,0,0,0,0,1546574975,1546574975,100,1),(25,2,'uid','用户id','','','','number',NULL,1,1,1,0,0,0,1548754192,1548754192,100,1),(26,2,'username','用户名','','','','text',NULL,1,1,1,0,0,0,1558767044,1558767044,100,1),(23,2,'description','SEO摘要','如不填写，则自动截取附表中编辑器的200字符','','','textarea','a:3:{s:6:\"define\";s:32:\"varchar(255) NOT NULL DEFAULT \'\'\";s:7:\"options\";s:0:\"\";s:5:\"value\";s:0:\"\";}',1,0,0,0,0,1,1548754192,1548754192,100,1),(22,2,'keywords','SEO关键词','关键词用回车确认','','','tags','a:3:{s:6:\"define\";s:32:\"varchar(255) NOT NULL DEFAULT \'\'\";s:7:\"options\";s:0:\"\";s:5:\"value\";s:0:\"\";}',1,0,0,0,0,1,1548754192,1548754192,100,1),(20,2,'title','标题','','','','text','a:3:{s:6:\"define\";s:32:\"varchar(255) NOT NULL DEFAULT \'\'\";s:7:\"options\";s:0:\"\";s:5:\"value\";s:0:\"\";}',1,0,1,1,1,1,1548754192,1548754192,100,1),(21,2,'flag','属性','','','','checkbox','a:3:{s:6:\"define\";s:31:\"varchar(32) NOT NULL DEFAULT \'\'\";s:7:\"options\";s:76:\"1:置顶[1]\r\n2:头条[2]\r\n3:特荐[3]\r\n4:推荐[4]\r\n5:热点[5]\r\n6:幻灯[6]\";s:5:\"value\";s:0:\"\";}',1,0,1,0,0,0,1551846870,1551846870,100,1),(6,1,'description','SEO摘要','如不填写，则自动截取附表中编辑器的200字符','','','textarea','a:3:{s:6:\"define\";s:32:\"varchar(255) NOT NULL DEFAULT \'\'\";s:7:\"options\";s:0:\"\";s:5:\"value\";s:0:\"\";}',1,0,0,0,0,1,1546574975,1546574975,100,1),(7,1,'tags','Tags标签','关键词用回车确认','','','tags','a:3:{s:6:\"define\";s:32:\"varchar(255) NOT NULL DEFAULT \'\'\";s:7:\"options\";s:0:\"\";s:5:\"value\";s:0:\"\";}',1,0,0,0,0,0,1546574975,1546574975,100,1),(8,1,'uid','用户id','','','','number',NULL,1,1,1,0,0,0,1546574975,1546574975,100,1),(9,1,'username','用户名','','','','text',NULL,1,1,1,0,0,0,1558767044,1558767044,100,1),(10,1,'sysadd','是否后台添加','','','','number',NULL,1,1,1,0,0,0,1558767044,1558767044,100,1),(11,1,'listorder','排序','','','','number','a:3:{s:6:\"define\";s:40:\"tinyint(3) UNSIGNED NOT NULL DEFAULT \'0\'\";s:7:\"options\";s:0:\"\";s:5:\"value\";s:3:\"100\";}',1,0,1,0,0,0,1546574975,1546574975,100,1),(12,1,'status','状态','','','','radio','a:3:{s:6:\"define\";s:40:\"tinyint(2) UNSIGNED NOT NULL DEFAULT \'0\'\";s:7:\"options\";s:21:\"0:待审核\r\n1:通过\";s:5:\"value\";s:1:\"1\";}',1,0,1,0,0,0,1546574975,1546574975,100,1),(13,1,'inputtime','创建时间','','','','datetime','a:3:{s:6:\"define\";s:37:\"int(10) UNSIGNED NOT NULL DEFAULT \'0\'\";s:7:\"options\";s:0:\"\";s:5:\"value\";s:0:\"\";}',1,0,1,0,0,0,1546574975,1546574975,200,1),(14,1,'updatetime','更新时间','','','','datetime','a:3:{s:6:\"define\";s:37:\"int(10) UNSIGNED NOT NULL DEFAULT \'0\'\";s:7:\"options\";s:0:\"\";s:5:\"value\";s:0:\"\";}',1,1,1,0,0,0,1546574975,1546574975,200,1),(15,1,'hits','点击量','','','','number','a:3:{s:6:\"define\";s:42:\"mediumint(8) UNSIGNED NOT NULL DEFAULT \'0\'\";s:7:\"options\";s:0:\"\";s:5:\"value\";s:1:\"0\";}',1,0,1,0,0,0,1546574975,1546574975,200,1),(16,1,'did','附表文档id','','','','hidden','',0,1,1,0,0,0,1546574975,1546574975,100,1),(17,1,'content','内容','','','','Ueditor','a:3:{s:6:\"define\";s:13:\"text NOT NULL\";s:7:\"options\";s:0:\"\";s:5:\"value\";s:0:\"\";}',0,0,0,0,0,1,1546574975,1546574975,100,1),(18,2,'id','文档id','','','','hidden','',1,0,1,0,0,1,1548754192,1548754192,100,1),(19,2,'catid','栏目id','','','','hidden','',1,0,1,0,0,1,1548754192,1548754192,100,1),(1,1,'id','文档id','','','','hidden','',1,0,1,0,0,1,1546574975,1546574975,100,1),(2,1,'catid','栏目id','','','','hidden','',1,0,1,0,0,1,1546574975,1546574975,100,1),(3,1,'title','标题','','','','text','a:3:{s:6:\"define\";s:32:\"varchar(255) NOT NULL DEFAULT \'\'\";s:7:\"options\";s:0:\"\";s:5:\"value\";s:0:\"\";}',1,0,1,1,1,1,1546574975,1546574975,100,1),(4,1,'flag','属性','','','','checkbox','a:3:{s:6:\"define\";s:31:\"varchar(32) NOT NULL DEFAULT \'\'\";s:7:\"options\";s:76:\"1:置顶[1]\r\n2:头条[2]\r\n3:特荐[3]\r\n4:推荐[4]\r\n5:热点[5]\r\n6:幻灯[6]\";s:5:\"value\";s:0:\"\";}',1,0,1,0,0,0,1551846870,1551846870,100,1),(5,1,'keywords','SEO关键词','关键词用回车确认','','','tags','a:3:{s:6:\"define\";s:32:\"varchar(255) NOT NULL DEFAULT \'\'\";s:7:\"options\";s:0:\"\";s:5:\"value\";s:0:\"\";}',1,0,0,0,0,1,1546574975,1546574975,100,1);
/*!40000 ALTER TABLE `yzn_model_field` ENABLE KEYS */;
UNLOCK TABLES;

--
-- Table structure for table `yzn_module`
--

DROP TABLE IF EXISTS `yzn_module`;
/*!40101 SET @saved_cs_client     = @@character_set_client */;
/*!40101 SET character_set_client = utf8 */;
CREATE TABLE `yzn_module` (
  `module` varchar(15) COLLATE utf8mb4_unicode_ci NOT NULL COMMENT '模块',
  `name` varchar(20) COLLATE utf8mb4_unicode_ci NOT NULL DEFAULT '' COMMENT '模块名称',
  `sign` varchar(100) COLLATE utf8mb4_unicode_ci NOT NULL DEFAULT '' COMMENT '签名',
  `iscore` tinyint(1) unsigned NOT NULL DEFAULT '0' COMMENT '内置模块',
  `version` varchar(50) COLLATE utf8mb4_unicode_ci NOT NULL DEFAULT '' COMMENT '版本',
  `setting` mediumtext COLLATE utf8mb4_unicode_ci COMMENT '设置信息',
  `create_time` int(10) NOT NULL DEFAULT '0' COMMENT '安装时间',
  `update_time` int(10) NOT NULL DEFAULT '0' COMMENT '更新时间',
  `listorder` tinyint(3) unsigned NOT NULL DEFAULT '0' COMMENT '排序',
  `status` tinyint(2) NOT NULL DEFAULT '0' COMMENT '状态',
  PRIMARY KEY (`module`) USING BTREE,
  KEY `sign` (`sign`) USING BTREE
) ENGINE=MyISAM DEFAULT CHARSET=utf8mb4 COLLATE=utf8mb4_unicode_ci COMMENT='已安装模块列表';
/*!40101 SET character_set_client = @saved_cs_client */;

--
-- Dumping data for table `yzn_module`
--

LOCK TABLES `yzn_module` WRITE;
/*!40000 ALTER TABLE `yzn_module` DISABLE KEYS */;
INSERT INTO `yzn_module` VALUES ('apidoc','接口文档模块','b19cc279ed484c13c96c2f7142e2f437',0,'1.0.0',NULL,1649234559,1649234559,0,1),('member','会员模块','fcfe4d97f35d1f30df5d6018a84f74ba',0,'1.0.0','a:10:{s:13:\"allowregister\";i:1;s:14:\"registerverify\";i:0;s:22:\"register_mobile_verify\";i:0;s:21:\"register_email_verify\";i:0;s:16:\"openverification\";i:1;s:16:\"password_confirm\";i:0;s:15:\"remove_nickname\";i:0;s:12:\"defualtpoint\";i:0;s:13:\"defualtamount\";i:0;s:14:\"rmb_point_rate\";i:10;}',1649234570,1649234570,0,1),('cms','cms模块','b19cc279ed484c13c96c2f7142e2f437',0,'1.0.0','a:13:{s:15:\"web_site_status\";s:1:\"1\";s:13:\"site_url_mode\";s:1:\"1\";s:9:\"site_name\";s:30:\"现代农业机器人实验室\";s:10:\"site_title\";s:30:\"现代农业机器人实验室\";s:12:\"site_keyword\";s:30:\"现代农业机器人实验室\";s:16:\"site_description\";s:30:\"现代农业机器人实验室\";s:15:\"site_cache_time\";s:4:\"3600\";s:16:\"web_site_recycle\";s:1:\"0\";s:19:\"web_site_searchtype\";s:5:\"local\";s:18:\"site_category_auth\";s:1:\"0\";s:18:\"web_site_baidupush\";s:1:\"0\";s:17:\"web_site_getwords\";s:1:\"0\";s:9:\"autolinks\";s:57:\"百度|https://www.baidu.com/\r\n腾讯|https://www.qq.com/\";}',1649234604,1649722848,0,1),('formguide','表单模块','1fa2d9a6f16e75616918c57ce3b88440',0,'1.0.0',NULL,1649234612,1649234612,0,1),('message','消息模块','b19cc279ed484c13c96c2f7142e2f437',0,'1.0.0',NULL,1649234619,1649234619,0,1),('links','友情链接','960c30f9b119fa6c39a4a31867441c82',0,'1.0.0',NULL,1649234624,1649234624,0,1);
/*!40000 ALTER TABLE `yzn_module` ENABLE KEYS */;
UNLOCK TABLES;

--
-- Table structure for table `yzn_page`
--

DROP TABLE IF EXISTS `yzn_page`;
/*!40101 SET @saved_cs_client     = @@character_set_client */;
/*!40101 SET character_set_client = utf8 */;
CREATE TABLE `yzn_page` (
  `catid` smallint(5) unsigned NOT NULL DEFAULT '0' COMMENT '栏目ID',
  `title` varchar(160) COLLATE utf8mb4_unicode_ci NOT NULL DEFAULT '' COMMENT '标题',
  `keywords` varchar(255) COLLATE utf8mb4_unicode_ci NOT NULL DEFAULT '' COMMENT '关键字',
  `description` varchar(255) COLLATE utf8mb4_unicode_ci NOT NULL DEFAULT '' COMMENT 'SEO描述',
  `content` text COLLATE utf8mb4_unicode_ci COMMENT '内容',
  `thumb` varchar(255) COLLATE utf8mb4_unicode_ci NOT NULL DEFAULT '' COMMENT '缩略图',
  `inputtime` int(10) unsigned NOT NULL DEFAULT '0' COMMENT '创建时间',
  `updatetime` int(10) unsigned NOT NULL DEFAULT '0' COMMENT '更新时间',
  PRIMARY KEY (`catid`) USING BTREE
) ENGINE=MyISAM DEFAULT CHARSET=utf8mb4 COLLATE=utf8mb4_unicode_ci COMMENT='单页内容表';
/*!40101 SET character_set_client = @saved_cs_client */;

--
-- Dumping data for table `yzn_page`
--

LOCK TABLES `yzn_page` WRITE;
/*!40000 ALTER TABLE `yzn_page` DISABLE KEYS */;
INSERT INTO `yzn_page` VALUES (2,'','','','','',1649824113,1649824117),(47,'','','','<p><img src=\"/uploads/images/20220711/5644c75a42f1b9cf061d72a0e981841d.jpg\" title=\"杨涛5.jpg\" alt=\"\"/></p>','',1656289653,1658367145),(50,'李晓晓','','','','',1657538121,1665452110),(48,'','','','<p><img src=\"/uploads/images/20220711/5036d395c18bc76b33a3bfbc2f98b399.png\" title=\"孙付春5.png\" alt=\"\"/></p>','',1657538613,1657538764),(49,'吴昊荣','','','','',1657538640,1665452138),(3,'','','','','',1649824105,1649824112),(18,'联系我们','','','<p>手　机：158-88888888</p><p>传　真：0512-88888888</p><p>邮　编：215000</p><p>邮　箱：admin@admin.com</p><p>地　址：江苏省苏州市吴中区某某工业园一区</p><p><br/></p><p><img width=\"530\" height=\"340\" src=\"http://api.map.baidu.com/staticimage?center=116.404,39.915&zoom=10&width=530&height=340&markers=116.404,39.915\"/></p>','',0,0),(26,'实验室介绍','','','<p>该网站主要用于记录日常学习研究，作为一个对外展示平台。</p>','',1649752441,1665452737),(27,'基本情况','','','<p>该网站主要用于记录日常学习研究，作为一个对外展示平台。</p>','',1649752496,1665452078);
/*!40000 ALTER TABLE `yzn_page` ENABLE KEYS */;
UNLOCK TABLES;

--
-- Table structure for table `yzn_picture`
--

DROP TABLE IF EXISTS `yzn_picture`;
/*!40101 SET @saved_cs_client     = @@character_set_client */;
/*!40101 SET character_set_client = utf8 */;
CREATE TABLE `yzn_picture` (
  `id` mediumint(8) unsigned NOT NULL AUTO_INCREMENT COMMENT '文档ID',
  `catid` smallint(5) unsigned NOT NULL DEFAULT '0' COMMENT '栏目ID',
  `title` varchar(255) CHARACTER SET utf8 COLLATE utf8_unicode_ci NOT NULL DEFAULT '' COMMENT '标题',
  `thumb` varchar(255) COLLATE utf8mb4_unicode_ci NOT NULL DEFAULT '' COMMENT '缩略图',
  `flag` varchar(32) CHARACTER SET utf8 COLLATE utf8_unicode_ci NOT NULL DEFAULT '' COMMENT '属性',
  `keywords` varchar(255) CHARACTER SET utf8 COLLATE utf8_unicode_ci NOT NULL DEFAULT '' COMMENT 'SEO关键词',
  `description` varchar(255) CHARACTER SET utf8 COLLATE utf8_unicode_ci NOT NULL DEFAULT '' COMMENT 'SEO描述',
  `tags` varchar(255) CHARACTER SET utf8 COLLATE utf8_unicode_ci NOT NULL DEFAULT '' COMMENT 'Tags标签',
  `listorder` smallint(5) unsigned NOT NULL DEFAULT '100' COMMENT '排序',
  `uid` mediumint(8) unsigned NOT NULL DEFAULT '0' COMMENT '用户id',
  `username` varchar(20) CHARACTER SET utf8 COLLATE utf8_unicode_ci NOT NULL DEFAULT '' COMMENT '用户名',
  `sysadd` tinyint(1) unsigned NOT NULL DEFAULT '0' COMMENT '是否后台添加',
  `hits` mediumint(8) unsigned DEFAULT '0' COMMENT '点击量',
  `inputtime` int(10) unsigned NOT NULL DEFAULT '0' COMMENT '创建时间',
  `updatetime` int(10) unsigned NOT NULL DEFAULT '0' COMMENT '更新时间',
  `url` varchar(100) COLLATE utf8mb4_unicode_ci NOT NULL DEFAULT '' COMMENT '链接地址',
  `status` tinyint(2) NOT NULL DEFAULT '0' COMMENT '状态',
  PRIMARY KEY (`id`) USING BTREE,
  KEY `status` (`catid`,`status`) USING BTREE
) ENGINE=MyISAM AUTO_INCREMENT=16 DEFAULT CHARSET=utf8mb4 COLLATE=utf8mb4_unicode_ci COMMENT='图片模型模型表';
/*!40101 SET character_set_client = @saved_cs_client */;

--
-- Dumping data for table `yzn_picture`
--

LOCK TABLES `yzn_picture` WRITE;
/*!40000 ALTER TABLE `yzn_picture` DISABLE KEYS */;
/*!40000 ALTER TABLE `yzn_picture` ENABLE KEYS */;
UNLOCK TABLES;

--
-- Table structure for table `yzn_picture_data`
--

DROP TABLE IF EXISTS `yzn_picture_data`;
/*!40101 SET @saved_cs_client     = @@character_set_client */;
/*!40101 SET character_set_client = utf8 */;
CREATE TABLE `yzn_picture_data` (
  `did` mediumint(8) unsigned NOT NULL DEFAULT '0',
  `content` mediumtext CHARACTER SET utf8 COLLATE utf8_unicode_ci COMMENT '内容',
  PRIMARY KEY (`did`) USING BTREE
) ENGINE=MyISAM DEFAULT CHARSET=utf8mb4 COLLATE=utf8mb4_unicode_ci COMMENT='图片模型模型表';
/*!40101 SET character_set_client = @saved_cs_client */;

--
-- Dumping data for table `yzn_picture_data`
--

LOCK TABLES `yzn_picture_data` WRITE;
/*!40000 ALTER TABLE `yzn_picture_data` DISABLE KEYS */;
/*!40000 ALTER TABLE `yzn_picture_data` ENABLE KEYS */;
UNLOCK TABLES;

--
-- Table structure for table `yzn_product`
--

DROP TABLE IF EXISTS `yzn_product`;
/*!40101 SET @saved_cs_client     = @@character_set_client */;
/*!40101 SET character_set_client = utf8 */;
CREATE TABLE `yzn_product` (
  `id` mediumint(8) unsigned NOT NULL AUTO_INCREMENT COMMENT '文档ID',
  `catid` smallint(5) unsigned NOT NULL DEFAULT '0' COMMENT '栏目ID',
  `title` varchar(255) CHARACTER SET utf8 COLLATE utf8_unicode_ci NOT NULL DEFAULT '' COMMENT '标题',
  `thumb` varchar(255) COLLATE utf8mb4_unicode_ci NOT NULL DEFAULT '' COMMENT '缩略图',
  `flag` varchar(32) CHARACTER SET utf8 COLLATE utf8_unicode_ci NOT NULL DEFAULT '' COMMENT '属性',
  `keywords` varchar(255) CHARACTER SET utf8 COLLATE utf8_unicode_ci NOT NULL DEFAULT '' COMMENT 'SEO关键词',
  `description` varchar(255) CHARACTER SET utf8 COLLATE utf8_unicode_ci NOT NULL DEFAULT '' COMMENT 'SEO描述',
  `tags` varchar(255) CHARACTER SET utf8 COLLATE utf8_unicode_ci NOT NULL DEFAULT '' COMMENT 'Tags标签',
  `listorder` smallint(5) unsigned NOT NULL DEFAULT '100' COMMENT '排序',
  `uid` mediumint(8) unsigned NOT NULL DEFAULT '0' COMMENT '用户id',
  `username` varchar(20) CHARACTER SET utf8 COLLATE utf8_unicode_ci NOT NULL DEFAULT '' COMMENT '用户名',
  `sysadd` tinyint(1) unsigned NOT NULL DEFAULT '0' COMMENT '是否后台添加',
  `hits` mediumint(8) unsigned DEFAULT '0' COMMENT '点击量',
  `inputtime` int(10) unsigned NOT NULL DEFAULT '0' COMMENT '创建时间',
  `updatetime` int(10) unsigned NOT NULL DEFAULT '0' COMMENT '更新时间',
  `url` varchar(100) COLLATE utf8mb4_unicode_ci NOT NULL DEFAULT '' COMMENT '链接地址',
  `status` tinyint(2) NOT NULL DEFAULT '0' COMMENT '状态',
  `type` tinyint(2) unsigned NOT NULL DEFAULT '0' COMMENT '类型',
  `trade` tinyint(2) unsigned NOT NULL DEFAULT '0' COMMENT '行业',
  `price` tinyint(2) unsigned NOT NULL DEFAULT '0' COMMENT '价格',
  PRIMARY KEY (`id`) USING BTREE,
  KEY `status` (`catid`,`status`) USING BTREE
) ENGINE=MyISAM AUTO_INCREMENT=10 DEFAULT CHARSET=utf8mb4 COLLATE=utf8mb4_unicode_ci COMMENT='产品模型模型表';
/*!40101 SET character_set_client = @saved_cs_client */;

--
-- Dumping data for table `yzn_product`
--

LOCK TABLES `yzn_product` WRITE;
/*!40000 ALTER TABLE `yzn_product` DISABLE KEYS */;
/*!40000 ALTER TABLE `yzn_product` ENABLE KEYS */;
UNLOCK TABLES;

--
-- Table structure for table `yzn_product_data`
--

DROP TABLE IF EXISTS `yzn_product_data`;
/*!40101 SET @saved_cs_client     = @@character_set_client */;
/*!40101 SET character_set_client = utf8 */;
CREATE TABLE `yzn_product_data` (
  `did` mediumint(8) unsigned NOT NULL DEFAULT '0',
  `content` mediumtext CHARACTER SET utf8 COLLATE utf8_unicode_ci COMMENT '内容',
  PRIMARY KEY (`did`) USING BTREE
) ENGINE=MyISAM DEFAULT CHARSET=utf8mb4 COLLATE=utf8mb4_unicode_ci COMMENT='产品模型模型表';
/*!40101 SET character_set_client = @saved_cs_client */;

--
-- Dumping data for table `yzn_product_data`
--

LOCK TABLES `yzn_product_data` WRITE;
/*!40000 ALTER TABLE `yzn_product_data` DISABLE KEYS */;
/*!40000 ALTER TABLE `yzn_product_data` ENABLE KEYS */;
UNLOCK TABLES;

--
-- Table structure for table `yzn_signin`
--

DROP TABLE IF EXISTS `yzn_signin`;
/*!40101 SET @saved_cs_client     = @@character_set_client */;
/*!40101 SET character_set_client = utf8 */;
CREATE TABLE `yzn_signin` (
  `id` int(10) unsigned NOT NULL AUTO_INCREMENT COMMENT 'ID',
  `uid` int(10) unsigned NOT NULL DEFAULT '0' COMMENT '会员ID',
  `successions` int(11) unsigned NOT NULL DEFAULT '0' COMMENT '连续签到次数',
  `type` enum('normal','fillup') COLLATE utf8mb4_unicode_ci DEFAULT 'normal' COMMENT '签到类型',
  `create_time` int(10) unsigned NOT NULL DEFAULT '0' COMMENT '创建时间',
  PRIMARY KEY (`id`) USING BTREE,
  KEY `user_id` (`uid`) USING BTREE
) ENGINE=MyISAM DEFAULT CHARSET=utf8mb4 COLLATE=utf8mb4_unicode_ci COMMENT='签到表';
/*!40101 SET character_set_client = @saved_cs_client */;

--
-- Dumping data for table `yzn_signin`
--

LOCK TABLES `yzn_signin` WRITE;
/*!40000 ALTER TABLE `yzn_signin` DISABLE KEYS */;
/*!40000 ALTER TABLE `yzn_signin` ENABLE KEYS */;
UNLOCK TABLES;

--
-- Table structure for table `yzn_sms`
--

DROP TABLE IF EXISTS `yzn_sms`;
/*!40101 SET @saved_cs_client     = @@character_set_client */;
/*!40101 SET character_set_client = utf8 */;
CREATE TABLE `yzn_sms` (
  `id` int(10) unsigned NOT NULL AUTO_INCREMENT COMMENT 'ID',
  `event` varchar(30) COLLATE utf8mb4_unicode_ci NOT NULL DEFAULT '' COMMENT '事件',
  `mobile` varchar(20) COLLATE utf8mb4_unicode_ci NOT NULL DEFAULT '' COMMENT '手机号',
  `code` varchar(10) COLLATE utf8mb4_unicode_ci NOT NULL DEFAULT '' COMMENT '验证码',
  `times` int(10) unsigned NOT NULL DEFAULT '0' COMMENT '验证次数',
  `ip` varchar(15) COLLATE utf8mb4_unicode_ci NOT NULL DEFAULT '' COMMENT '操作IP',
  `create_time` int(10) unsigned DEFAULT '0' COMMENT '创建时间',
  PRIMARY KEY (`id`) USING BTREE
) ENGINE=MyISAM DEFAULT CHARSET=utf8mb4 COLLATE=utf8mb4_unicode_ci COMMENT='短信验证码表';
/*!40101 SET character_set_client = @saved_cs_client */;

--
-- Dumping data for table `yzn_sms`
--

LOCK TABLES `yzn_sms` WRITE;
/*!40000 ALTER TABLE `yzn_sms` DISABLE KEYS */;
/*!40000 ALTER TABLE `yzn_sms` ENABLE KEYS */;
UNLOCK TABLES;

--
-- Table structure for table `yzn_sync_login`
--

DROP TABLE IF EXISTS `yzn_sync_login`;
/*!40101 SET @saved_cs_client     = @@character_set_client */;
/*!40101 SET character_set_client = utf8 */;
CREATE TABLE `yzn_sync_login` (
  `id` int(11) NOT NULL AUTO_INCREMENT,
  `uid` int(11) unsigned NOT NULL COMMENT '用户ID',
  `unionid` varchar(50) COLLATE utf8mb4_unicode_ci DEFAULT '' COMMENT '第三方UNIONID',
  `openid` varchar(50) COLLATE utf8mb4_unicode_ci DEFAULT '' COMMENT '第三方OPENID',
  `openname` varchar(50) COLLATE utf8mb4_unicode_ci DEFAULT '' COMMENT '第三方会员昵称',
  `type` varchar(15) COLLATE utf8mb4_unicode_ci NOT NULL COMMENT '第三方英文名称',
  `access_token` varchar(100) COLLATE utf8mb4_unicode_ci NOT NULL,
  `create_time` int(10) unsigned DEFAULT NULL COMMENT '创建时间',
  `update_time` int(10) unsigned DEFAULT NULL COMMENT '更新时间',
  `login_time` int(10) unsigned DEFAULT NULL COMMENT '登录时间',
  `expire_time` int(10) unsigned DEFAULT NULL COMMENT '过期时间',
  `status` tinyint(4) NOT NULL DEFAULT '1' COMMENT '状态描述',
  PRIMARY KEY (`id`) USING BTREE,
  UNIQUE KEY `type` (`type`,`openid`) USING BTREE,
  KEY `uid` (`uid`,`type`) USING BTREE,
  KEY `unionid` (`type`,`unionid`) USING BTREE
) ENGINE=MyISAM DEFAULT CHARSET=utf8mb4 COLLATE=utf8mb4_unicode_ci COMMENT='第三方登录表';
/*!40101 SET character_set_client = @saved_cs_client */;

--
-- Dumping data for table `yzn_sync_login`
--

LOCK TABLES `yzn_sync_login` WRITE;
/*!40000 ALTER TABLE `yzn_sync_login` DISABLE KEYS */;
/*!40000 ALTER TABLE `yzn_sync_login` ENABLE KEYS */;
UNLOCK TABLES;

--
-- Table structure for table `yzn_tags`
--

DROP TABLE IF EXISTS `yzn_tags`;
/*!40101 SET @saved_cs_client     = @@character_set_client */;
/*!40101 SET character_set_client = utf8 */;
CREATE TABLE `yzn_tags` (
  `id` smallint(5) unsigned NOT NULL AUTO_INCREMENT COMMENT 'tagID',
  `tag` varchar(20) COLLATE utf8mb4_unicode_ci NOT NULL DEFAULT '' COMMENT 'tag名称',
  `seo_title` varchar(255) COLLATE utf8mb4_unicode_ci NOT NULL DEFAULT '' COMMENT 'seo标题',
  `seo_keyword` varchar(255) COLLATE utf8mb4_unicode_ci NOT NULL DEFAULT '' COMMENT 'seo关键字',
  `seo_description` varchar(255) COLLATE utf8mb4_unicode_ci NOT NULL DEFAULT '' COMMENT 'seo简介',
  `usetimes` smallint(5) unsigned NOT NULL DEFAULT '0' COMMENT '信息总数',
  `hits` mediumint(8) unsigned NOT NULL DEFAULT '0' COMMENT '点击数',
  `create_time` int(10) unsigned NOT NULL DEFAULT '0' COMMENT '添加时间',
  `update_time` int(10) unsigned NOT NULL DEFAULT '0' COMMENT '更新时间',
  `listorder` tinyint(3) unsigned NOT NULL DEFAULT '0' COMMENT '排序',
  PRIMARY KEY (`id`) USING BTREE,
  UNIQUE KEY `tag` (`tag`) USING BTREE,
  KEY `usetimes` (`usetimes`,`listorder`) USING BTREE,
  KEY `hits` (`hits`,`listorder`) USING BTREE
) ENGINE=MyISAM AUTO_INCREMENT=17 DEFAULT CHARSET=utf8mb4 COLLATE=utf8mb4_unicode_ci COMMENT='tags主表';
/*!40101 SET character_set_client = @saved_cs_client */;

--
-- Dumping data for table `yzn_tags`
--

LOCK TABLES `yzn_tags` WRITE;
/*!40000 ALTER TABLE `yzn_tags` DISABLE KEYS */;
INSERT INTO `yzn_tags` VALUES (1,'精密机器','','','',0,0,1553067267,1553067267,0),(2,'专业培训','','','',0,0,1553067267,1553067267,0),(3,'资格证书','','','',0,0,1553067267,1553067267,0),(4,'机械设备','','','',0,0,1553067296,1553067296,0),(5,'升降机','','','',0,0,1553067296,1553067296,0),(6,'租赁服务','','','',0,0,1553067296,1553067296,0),(7,'餐饮管理','','','',0,0,1553067319,1553067319,0),(8,'婚庆礼仪','','','',0,0,1553067319,1553067319,0),(9,'劳务派遣','','','',0,0,1553067319,1553067319,0),(10,'校外教育','','','',0,0,1553067339,1553067339,0),(11,'智能课程','','','',0,0,1553067339,1553067339,0),(12,'物流服务','','','',0,0,1553067377,1553067377,0),(13,'注脂','','','',0,0,1553067408,1553067408,0),(14,'打胶','','','',0,0,1553067408,1553067408,0),(15,'sfs','','','',0,0,1649755702,1649755702,0),(16,'sdfs','','','',0,0,1649755702,1649755702,0);
/*!40000 ALTER TABLE `yzn_tags` ENABLE KEYS */;
UNLOCK TABLES;

--
-- Table structure for table `yzn_tags_content`
--

DROP TABLE IF EXISTS `yzn_tags_content`;
/*!40101 SET @saved_cs_client     = @@character_set_client */;
/*!40101 SET character_set_client = utf8 */;
CREATE TABLE `yzn_tags_content` (
  `tag` varchar(20) COLLATE utf8mb4_unicode_ci NOT NULL COMMENT 'tag名称',
  `modelid` tinyint(3) unsigned NOT NULL DEFAULT '0' COMMENT '模型ID',
  `contentid` mediumint(8) unsigned NOT NULL DEFAULT '0' COMMENT '信息ID',
  `catid` smallint(5) unsigned NOT NULL DEFAULT '0' COMMENT '栏目ID',
  `updatetime` int(10) unsigned NOT NULL DEFAULT '0' COMMENT '更新时间',
  KEY `modelid` (`modelid`,`contentid`) USING BTREE,
  KEY `tag` (`tag`(10)) USING BTREE
) ENGINE=MyISAM DEFAULT CHARSET=utf8mb4 COLLATE=utf8mb4_unicode_ci COMMENT='tags数据表';
/*!40101 SET character_set_client = @saved_cs_client */;

--
-- Dumping data for table `yzn_tags_content`
--

LOCK TABLES `yzn_tags_content` WRITE;
/*!40000 ALTER TABLE `yzn_tags_content` DISABLE KEYS */;
/*!40000 ALTER TABLE `yzn_tags_content` ENABLE KEYS */;
UNLOCK TABLES;

--
-- Table structure for table `yzn_terms`
--

DROP TABLE IF EXISTS `yzn_terms`;
/*!40101 SET @saved_cs_client     = @@character_set_client */;
/*!40101 SET character_set_client = utf8 */;
CREATE TABLE `yzn_terms` (
  `id` bigint(20) unsigned NOT NULL AUTO_INCREMENT COMMENT '分类ID',
  `parentid` smallint(5) NOT NULL DEFAULT '0' COMMENT '父ID',
  `name` varchar(20) COLLATE utf8mb4_unicode_ci NOT NULL DEFAULT '' COMMENT '分类名称',
  `module` varchar(15) COLLATE utf8mb4_unicode_ci NOT NULL DEFAULT '' COMMENT '所属模块',
  `setting` mediumtext COLLATE utf8mb4_unicode_ci COMMENT '相关配置信息',
  PRIMARY KEY (`id`) USING BTREE,
  KEY `name` (`name`) USING BTREE,
  KEY `module` (`module`) USING BTREE
) ENGINE=MyISAM DEFAULT CHARSET=utf8mb4 COLLATE=utf8mb4_unicode_ci COMMENT='分类表';
/*!40101 SET character_set_client = @saved_cs_client */;

--
-- Dumping data for table `yzn_terms`
--

LOCK TABLES `yzn_terms` WRITE;
/*!40000 ALTER TABLE `yzn_terms` DISABLE KEYS */;
/*!40000 ALTER TABLE `yzn_terms` ENABLE KEYS */;
UNLOCK TABLES;

--
-- Dumping events for database 'xdnyjqrsys_top'
--

--
-- Dumping routines for database 'xdnyjqrsys_top'
--
/*!40103 SET TIME_ZONE=@OLD_TIME_ZONE */;

/*!40101 SET SQL_MODE=@OLD_SQL_MODE */;
/*!40014 SET FOREIGN_KEY_CHECKS=@OLD_FOREIGN_KEY_CHECKS */;
/*!40014 SET UNIQUE_CHECKS=@OLD_UNIQUE_CHECKS */;
/*!40101 SET CHARACTER_SET_CLIENT=@OLD_CHARACTER_SET_CLIENT */;
/*!40101 SET CHARACTER_SET_RESULTS=@OLD_CHARACTER_SET_RESULTS */;
/*!40101 SET COLLATION_CONNECTION=@OLD_COLLATION_CONNECTION */;
/*!40111 SET SQL_NOTES=@OLD_SQL_NOTES */;

-- Dump completed on 2023-03-08 21:27:04
